latitude,longitude,lokasi,titik,tanggal,jam,waktu,cuaca,jenis_burung,nama_ilmiah,jumlah_burung,keterangan,dokumentasi,createdAt,updatedAt,deletedAt
-7.3753,112.7703,Dalam,1,15 July 2025,08:26,Pagi,Cerah,Blekok Sawah,Ardeola speciosa,10,,,2025-09-04 11:57:00,,
-7.3753,112.7703,Dalam,1,15 July 2025,08:26,Pagi,Cerah,Bondol Peking,Lonchura punctulata,4,,,2025-09-04 11:57:00,,
-7.3753,112.7703,Dalam,1,15 July 2025,08:26,Pagi,Cerah,Cangak Abu,Ardea cinerea,1,,,2025-09-04 11:57:00,,
-7.3753,112.7703,Dalam,1,15 July 2025,08:26,Pagi,Cerah,Cangak Merah,Ardea purpurea,4,,,2025-09-04 11:57:00,,
-7.3753,112.7703,Dalam,1,15 July 2025,08:26,Pagi,Cerah,Kokokan Laut,Butorides striatus,1,,,2025-09-04 11:57:00,,
-7.3753,112.7703,Dalam,1,15 July 2025,08:26,Pagi,Cerah,Kuntul Kecil,Egretta garzetta,1,,,2025-09-04 11:57:00,,
-7.3753,112.7703,Dalam,1,15 July 2025,08:26,Pagi,Cerah,Layang-Layang Batu,Hirundo javanica,3,,,2025-09-04 11:57:00,,
-7.3753,112.7703,Dalam,1,15 July 2025,08:26,Pagi,Cerah,Walet Linchi,Collocalia linchi,3,,,2025-09-04 11:57:00,,
-7.3750,112.7786,Dalam,2,15 July 2025,07:48,Pagi,Cerah,Blekok Sawah,Ardeola speciosa,29,bertengger di plengsengan dan di trompet tidak respon,,2025-09-04 11:57:00,,
-7.3750,112.7786,Dalam,2,15 July 2025,07:48,Pagi,Cerah,Bondol Peking,Lonchura punctulata,2,,,2025-09-04 11:57:00,,
-7.3750,112.7786,Dalam,2,15 July 2025,07:48,Pagi,Cerah,Cangak Abu,Ardea cinerea,25,6 terbang bersamaan sekitar 200-500m,,2025-09-04 11:57:00,,
-7.3750,112.7786,Dalam,2,15 July 2025,07:48,Pagi,Cerah,Cangak Merah,Ardea purpurea,8,,,2025-09-04 11:57:00,,
-7.3750,112.7786,Dalam,2,15 July 2025,07:48,Pagi,Cerah,Dara Laut Biasa,Sterna hirundo,1,warna putih bersih,,2025-09-04 11:57:00,,
-7.3750,112.7786,Dalam,2,15 July 2025,07:48,Pagi,Cerah,Kedidi Golgol,Calidris ferruginea,1,cerek karena bantet agak putih lehernya,,2025-09-04 11:57:00,,
-7.3750,112.7786,Dalam,2,15 July 2025,07:48,Pagi,Cerah,Kokokan Laut,Butorides striatus,1,bertengger di jembatan,,2025-09-04 11:57:00,,
-7.3750,112.7786,Dalam,2,15 July 2025,07:48,Pagi,Cerah,Kuntul Kecil,Egretta garzetta,19,cenderung melewati pesawat,,2025-09-04 11:57:00,,
-7.3750,112.7786,Dalam,2,15 July 2025,07:48,Pagi,Cerah,Kuntul Perak,Egretta intermedia,3,,,2025-09-04 11:57:00,,
-7.3750,112.7786,Dalam,2,15 July 2025,07:48,Pagi,Cerah,Layang-Layang Batu,Hirundo javanica,4,terbang disekitar pond air,,2025-09-04 11:57:00,,
-7.3750,112.7786,Dalam,2,15 July 2025,07:48,Pagi,Cerah,Pecuk Padi Kecil,Microcarbo niger,26,,,2025-09-04 11:57:00,,
-7.3750,112.7786,Dalam,2,15 July 2025,07:48,Pagi,Cerah,Perkutut,Geopelia striata,2,,,2025-09-04 11:57:00,,
-7.3770,112.794,Dalam,3,15 July 2025,07:29,Pagi,Cerah,Bondol Peking,Lonchura punctulata,3,,,2025-09-04 11:57:00,,
-7.3770,112.794,Dalam,3,15 July 2025,07:29,Pagi,Cerah,Dara Laut Biasa,Sterna hirundo,1,"coklat muda, sayap lincip",,2025-09-04 11:57:00,,
-7.3770,112.794,Dalam,3,15 July 2025,07:29,Pagi,Cerah,Layang-Layang Batu,Hirundo javanica,10,,,2025-09-04 11:57:00,,
-7.3770,112.794,Dalam,3,15 July 2025,07:29,Pagi,Cerah,Pecuk Padi Kecil,Microcarbo niger,1,,,2025-09-04 11:57:00,,
-7.3770,112.794,Dalam,3,15 July 2025,07:29,Pagi,Cerah,Walet Linchi,Collocalia linchi,2,,,2025-09-04 11:57:00,,
-7.3786,112.8006,Dalam,4,15 July 2025,07:06,Pagi,Cerah,Blekok Sawah,Ardeola speciosa,7,,,2025-09-04 11:57:00,,
-7.3786,112.8006,Dalam,4,15 July 2025,07:06,Pagi,Cerah,Bondol Peking,Lonchura punctulata,16,,,2025-09-04 11:57:00,,
-7.3786,112.8006,Dalam,4,15 July 2025,07:06,Pagi,Cerah,Burung Gereja,Passer montanus,14,,,2025-09-04 11:57:00,,
-7.3786,112.8006,Dalam,4,15 July 2025,07:06,Pagi,Cerah,Cangak Abu,Ardea cinerea,1,,,2025-09-04 11:57:00,,
-7.3786,112.8006,Dalam,4,15 July 2025,07:06,Pagi,Cerah,Cangak Merah,Ardea purpurea,4,,,2025-09-04 11:57:00,,
-7.3786,112.8006,Dalam,4,15 July 2025,07:06,Pagi,Cerah,Dara Laut Biasa,Sterna hirundo,2,,,2025-09-04 11:57:00,,
-7.3786,112.8006,Dalam,4,15 July 2025,07:06,Pagi,Cerah,Kokokan Laut,Butorides striata,3,,,2025-09-04 11:57:00,,
-7.3786,112.8006,Dalam,4,15 July 2025,07:06,Pagi,Cerah,Kuntul Kecil,Egretta garzetta,15,,,2025-09-04 11:57:00,,
-7.3786,112.8006,Dalam,4,15 July 2025,07:06,Pagi,Cerah,Kuntul Perak,Egretta intermedia,4,,,2025-09-04 11:57:00,,
-7.3786,112.8006,Dalam,4,15 July 2025,07:06,Pagi,Cerah,Layang-Layang Batu,Hirundo javanica,21,,,2025-09-04 11:57:00,,
-7.3786,112.8006,Dalam,4,15 July 2025,07:06,Pagi,Cerah,Pecuk Padi Hitam,Phalacrocorax sulcirostris,2,lagi bertengger mata biru,,2025-09-04 11:57:00,,
-7.3786,112.8006,Dalam,4,15 July 2025,07:06,Pagi,Cerah,Pecuk Padi Kecil,Microcarbo niger,5,,,2025-09-04 11:57:00,,
-7.3786,112.8006,Dalam,4,15 July 2025,07:06,Pagi,Cerah,Perkutut,Geopelia striata,12,,,2025-09-04 11:57:00,,
-7.3786,112.8006,Dalam,4,15 July 2025,07:06,Pagi,Cerah,Walet Linchi,Collocalia linchi,7,,,2025-09-04 11:57:00,,
-7.3833,112.8006,Dalam,5,15 July 2025,06:29,Pagi,Cerah Berawan,Blekok Sawah,Ardeola speciosa,10,,,2025-09-04 11:57:00,,
-7.3833,112.8006,Dalam,5,15 July 2025,06:29,Pagi,Cerah Berawan,Bondol Peking,Lonchura punctulata,53,,,2025-09-04 11:57:00,,
-7.3833,112.8006,Dalam,5,15 July 2025,06:29,Pagi,Cerah Berawan,Bubut Jawa,Centropus nigrorufus,1,,,2025-09-04 11:57:00,,
-7.3833,112.8006,Dalam,5,15 July 2025,06:29,Pagi,Cerah Berawan,Burung Gereja,Passer montanus,30,,,2025-09-04 11:57:00,,
-7.3833,112.8006,Dalam,5,15 July 2025,06:29,Pagi,Cerah Berawan,Cangak Merah,Ardea purpurea,1,,,2025-09-04 11:57:00,,
-7.3833,112.8006,Dalam,5,15 July 2025,06:29,Pagi,Cerah Berawan,Kuntul Kecil,Egretta garzetta,71,,,2025-09-04 11:57:00,,
-7.3833,112.8006,Dalam,5,15 July 2025,06:29,Pagi,Cerah Berawan,Kutilang,Pycnonotus aurigaster,3,,,2025-09-04 11:57:00,,
-7.3833,112.8006,Dalam,5,15 July 2025,06:29,Pagi,Cerah Berawan,Layang-Layang Batu,Hirundo javanica,59,,,2025-09-04 11:57:00,,
-7.3833,112.8006,Dalam,5,15 July 2025,06:29,Pagi,Cerah Berawan,Pecuk Padi Kecil,Microcarbo niger,4,,,2025-09-04 11:57:00,,
-7.3833,112.8006,Dalam,5,15 July 2025,06:29,Pagi,Cerah Berawan,Perkutut,Geopelia striata,2,,,2025-09-04 11:57:00,,
-7.3833,112.8006,Dalam,5,15 July 2025,06:29,Pagi,Cerah Berawan,Walet Linchi,Collocalia linchi,9,,,2025-09-04 11:57:00,,
-7.3817,112.7878,Dalam,6,15 July 2025,08:53,Pagi,Cerah,Bondol Peking,Lonchura punctulata,11,,,2025-09-04 11:57:00,,
-7.3817,112.7878,Dalam,6,15 July 2025,08:53,Pagi,Cerah,Layang-Layang Batu,Hirundo javanica,1,,,2025-09-04 11:57:00,,
-7.3814,112.7739,Dalam,7,15 July 2025,08:15,Pagi,Cerah,Blekok Sawah,Ardeola speciosa,11,,,2025-09-04 11:57:00,,
-7.3814,112.7739,Dalam,7,15 July 2025,08:15,Pagi,Cerah,Cangak Abu,Ardea cinerea,1,,,2025-09-04 11:57:00,,
-7.3814,112.7739,Dalam,7,15 July 2025,08:15,Pagi,Cerah,Cangak Merah,Ardea purpurea,5,makan ikan,,2025-09-04 11:57:00,,
-7.3814,112.7739,Dalam,7,15 July 2025,08:15,Pagi,Cerah,Dara Laut Biasa,Sterna hirundo,1,,,2025-09-04 11:57:00,,
-7.3814,112.7739,Dalam,7,15 July 2025,08:15,Pagi,Cerah,Dara Laut Kumis,Chlidonias hybridus,6,,,2025-09-04 11:57:00,,
-7.3814,112.7739,Dalam,7,15 July 2025,08:15,Pagi,Cerah,Kuntul Kecil,Egretta garzetta,1,,,2025-09-04 11:57:00,,
-7.3814,112.7739,Dalam,7,15 July 2025,08:15,Pagi,Cerah,Kuntul Perak,Egretta intermedia,8,,,2025-09-04 11:57:00,,
-7.3814,112.7739,Dalam,7,15 July 2025,08:15,Pagi,Cerah,Pecuk Padi Hitam,Phalacrocorax sulcirostris,2,,,2025-09-04 11:57:00,,
-7.3814,112.7739,Dalam,7,15 July 2025,08:15,Pagi,Cerah,Perkutut,Geopelia striata,3,,,2025-09-04 11:57:00,,
-7.3814,112.7739,Dalam,7,15 July 2025,08:15,Pagi,Cerah,Walet Linchi,Collocalia linchi,3,,,2025-09-04 11:57:00,,
-7.3814,112.7739,Dalam,7,15 July 2025,08:48,Pagi,Cerah,Cerek Melayu,Charadrius peronii,7,warnanya putih,,2025-09-04 11:57:00,,
-7.3814,112.7739,Dalam,7,15 July 2025,08:48,Pagi,Cerah,Kuntul Kecil,Egretta garzetta,3,,,2025-09-04 11:57:00,,
-7.3814,112.7739,Dalam,7,15 July 2025,08:48,Pagi,Cerah,Layang-Layang Batu,Hirundo javanica,7,,,2025-09-04 11:57:00,,
-7.3814,112.7739,Dalam,7,15 July 2025,08:48,Pagi,Cerah,Pecuk Padi Hitam,Phalacrocorax sulcirostris,1,,,2025-09-04 11:57:00,,
-7.3814,112.7739,Dalam,7,15 July 2025,08:48,Pagi,Cerah,Perkutut Jawa,Geopelia striata,1,,,2025-09-04 11:57:00,,
-7.3814,112.7739,Dalam,7,15 July 2025,08:48,Pagi,Cerah,Walet Linchi,Collocalia linchi,3,,,2025-09-04 11:57:00,,
-7.3797,112.7722,Dalam,8,15 July 2025,08:38,Pagi,Cerah,Blekok Sawah,Ardeola speciosa,1,bertengger dimana jembatan,,2025-09-04 11:57:00,,
-7.3797,112.7722,Dalam,8,15 July 2025,08:38,Pagi,Cerah,Kerak Ungu,Acridotheres tristis,2,bertengger di pagar,,2025-09-04 11:57:00,,
-7.3797,112.7722,Dalam,8,15 July 2025,08:38,Pagi,Cerah,Kuntul Kecil,Egretta garzetta,5,,,2025-09-04 11:57:00,,
-7.3797,112.7722,Dalam,8,15 July 2025,08:38,Pagi,Cerah,Kuntul Perak,Egretta intermedia,16,mendekati petugas sedang memotong rumput,,2025-09-04 11:57:00,,
-7.3797,112.7722,Dalam,8,15 July 2025,08:38,Pagi,Cerah,Kutilang,Pycnonotus aurigaster,5,bertengger di pagar,,2025-09-04 11:57:00,,
-7.3797,112.7722,Dalam,8,15 July 2025,08:38,Pagi,Cerah,Layang-Layang Batu,Hirundo javanica,11,,,2025-09-04 11:57:00,,
-7.3797,112.7722,Dalam,8,15 July 2025,08:38,Pagi,Cerah,Perkutut,Geopelia striata,4,,,2025-09-04 11:57:00,,
-7.3797,112.7722,Dalam,8,15 July 2025,08:38,Pagi,Cerah,Walet Linchi,Collocalia linchi,5,terbang di atas petugas pemotong rumput,,2025-09-04 11:57:00,,
-7.3753,112.7703,Dalam,1,18 July 2025,08:26,Pagi,Cerah,Blekok Sawah,Ardeola speciosa,37,,,2025-09-04 11:57:00,,
-7.3753,112.7703,Dalam,1,18 July 2025,08:26,Pagi,Cerah,Bondol Peking,Lonchura punctulata,12,,,2025-09-04 11:57:00,,
-7.3753,112.7703,Dalam,1,18 July 2025,08:26,Pagi,Cerah,Kuntul Kecil,Egretta garzetta,30,,,2025-09-04 11:57:00,,
-7.3753,112.7703,Dalam,1,18 July 2025,08:26,Pagi,Cerah,Trinil Pantai,Tringa hypoleucos,3,,,2025-09-04 11:57:00,,
-7.3753,112.7703,Dalam,1,18 July 2025,08:26,Pagi,Cerah,Walet Linchi,Collocalia linchi,17,,,2025-09-04 11:57:00,,
-7.3750,112.7786,Dalam,2,18 July 2025,07:48,Pagi,Cerah,Blekok Sawah,Ardeola speciosa,12,,,2025-09-04 11:57:00,,
-7.3750,112.7786,Dalam,2,18 July 2025,07:48,Pagi,Cerah,Cangak Abu,Ardea cinerea,3,,,2025-09-04 11:57:00,,
-7.3750,112.7786,Dalam,2,18 July 2025,07:48,Pagi,Cerah,Cangak Merah,Ardea purpurea,1,,,2025-09-04 11:57:00,,
-7.3750,112.7786,Dalam,2,18 July 2025,07:48,Pagi,Cerah,Kuntul Kecil,Egretta garzetta,11,,,2025-09-04 11:57:00,,
-7.3750,112.7786,Dalam,2,18 July 2025,07:48,Pagi,Cerah,Pecuk Padi Kecil,Microcarbo niger,5,,,2025-09-04 11:57:00,,
-7.3750,112.7786,Dalam,2,18 July 2025,07:48,Pagi,Cerah,Perkutut,Geopelia striata,9,,,2025-09-04 11:57:00,,
-7.3770,112.794,Dalam,3,18 July 2025,07:55,Pagi,Cerah,Burung Gereja,Passer montanus,11,,,2025-09-04 11:57:00,,
-7.3770,112.794,Dalam,3,18 July 2025,07:55,Pagi,Cerah,Kuntul Kecil,Egretta garzetta,3,,,2025-09-04 11:57:00,,
-7.3770,112.794,Dalam,3,18 July 2025,07:55,Pagi,Cerah,Layang-Layang Batu,Hirundo javanica,7,,,2025-09-04 11:57:00,,
-7.3770,112.794,Dalam,3,18 July 2025,07:55,Pagi,Cerah,Perkutut,Geopelia striata,5,,,2025-09-04 11:57:00,,
-7.3786,112.8006,Dalam,4,18 July 2025,07:46,Pagi,Cerah,Blekok Sawah,Ardeola speciosa,17,,,2025-09-04 11:57:00,,
-7.3786,112.8006,Dalam,4,18 July 2025,07:46,Pagi,Cerah,Cangak Abu,Ardea cinerea,1,,,2025-09-04 11:57:00,,
-7.3786,112.8006,Dalam,4,18 July 2025,07:46,Pagi,Cerah,Cangak Merah,Ardea purpurea,1,,,2025-09-04 11:57:00,,
-7.3786,112.8006,Dalam,4,18 July 2025,07:46,Pagi,Cerah,Cucak Kutilang,Pycnonotus aurigaster,2,,,2025-09-04 11:57:00,,
-7.3786,112.8006,Dalam,4,18 July 2025,07:46,Pagi,Cerah,Dara Laut Biasa,Sterna hirundo,1,,,2025-09-04 11:57:00,,
-7.3786,112.8006,Dalam,4,18 July 2025,07:46,Pagi,Cerah,Dara Laut Kumis,Chlidonias hybridus,1,,,2025-09-04 11:57:00,,
-7.3786,112.8006,Dalam,4,18 July 2025,07:46,Pagi,Cerah,Kirik-Kirik Laut,Merops philippinus,4,,,2025-09-04 11:57:00,,
-7.3786,112.8006,Dalam,4,18 July 2025,07:46,Pagi,Cerah,Kuntul Kecil,Egretta garzetta,3,,,2025-09-04 11:57:00,,
-7.3786,112.8006,Dalam,4,18 July 2025,07:46,Pagi,Cerah,Layang-Layang Batu,Hirundo javanica,5,,,2025-09-04 11:57:00,,
-7.3786,112.8006,Dalam,4,18 July 2025,07:46,Pagi,Cerah,Pecuk Padi Kecil,Microcarbo niger,3,,,2025-09-04 11:57:00,,
-7.3786,112.8006,Dalam,4,18 July 2025,07:46,Pagi,Cerah,Pecuk Padi Kecil,Microcarbo niger,1,,,2025-09-04 11:57:00,,
-7.3786,112.8006,Dalam,4,18 July 2025,07:46,Pagi,Cerah,Walet Linchi,Collocalia linchi,13,,,2025-09-04 11:57:00,,
-7.3786,112.8006,Dalam,4,18 July 2025,07:46,Pagi,Cerah,Walet Sapi,Collocalia esculenta,4,,,2025-09-04 11:57:00,,
-7.3833,112.8006,Dalam,5,18 July 2025,07:12,Pagi,Cerah,Blekok Sawah,Ardeola speciosa,13,,,2025-09-04 11:57:00,,
-7.3833,112.8006,Dalam,5,18 July 2025,07:12,Pagi,Cerah,Bondol Haji,Lonchura maja,3,,,2025-09-04 11:57:00,,
-7.3833,112.8006,Dalam,5,18 July 2025,07:12,Pagi,Cerah,Bondol Peking,Lonchura punctulata,22,,,2025-09-04 11:57:00,,
-7.3833,112.8006,Dalam,5,18 July 2025,07:12,Pagi,Cerah,Burung Gereja,Passer montanus,6,,,2025-09-04 11:57:00,,
-7.3833,112.8006,Dalam,5,18 July 2025,07:12,Pagi,Cerah,Cangak Abu,Ardea cinerea,2,,,2025-09-04 11:57:00,,
-7.3833,112.8006,Dalam,5,18 July 2025,07:12,Pagi,Cerah,Cerek Melayu,Charadrius peronii,1,,,2025-09-04 11:57:00,,
-7.3833,112.8006,Dalam,5,18 July 2025,07:12,Pagi,Cerah,Dara Laut Kumis,Chlidonias hybridus,1,,,2025-09-04 11:57:00,,
-7.3833,112.8006,Dalam,5,18 July 2025,07:12,Pagi,Cerah,Dara Laut Tengkuk Hitam,Sterna sumatrana,3,,,2025-09-04 11:57:00,,
-7.3833,112.8006,Dalam,5,18 July 2025,07:12,Pagi,Cerah,Kapasan Sayap Putih,Lalage sueurii,2,,,2025-09-04 11:57:00,,
-7.3833,112.8006,Dalam,5,18 July 2025,07:12,Pagi,Cerah,Kareo Padi,Amaurornis phoenicurus,2,,,2025-09-04 11:57:00,,
-7.3833,112.8006,Dalam,5,18 July 2025,07:12,Pagi,Cerah,Kuntul Kecil,Egretta garzetta,20,,,2025-09-04 11:57:00,,
-7.3833,112.8006,Dalam,5,18 July 2025,07:12,Pagi,Cerah,Kutilang,Pycnonotus aurigaster,5,,,2025-09-04 11:57:00,,
-7.3833,112.8006,Dalam,5,18 July 2025,07:12,Pagi,Cerah,Layang-Layang Batu,Hirundo javanica,18,,,2025-09-04 11:57:00,,
-7.3833,112.8006,Dalam,5,18 July 2025,07:12,Pagi,Cerah,Pecuk Padi Hitam,Phalacrocorax sulcirostris,5,,,2025-09-04 11:57:00,,
-7.3833,112.8006,Dalam,5,18 July 2025,07:12,Pagi,Cerah,Pecuk Padi Kecil,Microcarbo niger,5,,,2025-09-04 11:57:00,,
-7.3833,112.8006,Dalam,5,18 July 2025,07:12,Pagi,Cerah,Perkutut,Geopelia striata,7,,,2025-09-04 11:57:00,,
-7.3833,112.8006,Dalam,5,18 July 2025,07:12,Pagi,Cerah,Walet Linchi,Collocalia linchi,1,Bertengger di pagar dan dibawah; endemik indonesia ; paling banyak ada di jawa ; Status LC,,2025-09-04 11:57:00,,
-7.3833,112.8006,Dalam,5,18 July 2025,07:12,Pagi,Cerah,Walet Sapi,Collocalia esculenta,1,,,2025-09-04 11:57:00,,
-7.3817,112.7878,Dalam,6,18 July 2025,07:45,Pagi,Cerah,Blekok Sawah,Ardeola speciosa,2,,,2025-09-04 11:57:00,,
-7.3817,112.7878,Dalam,6,18 July 2025,07:45,Pagi,Cerah,Cangak Merah,Ardea purpurea,2,,,2025-09-04 11:57:00,,
-7.3817,112.7878,Dalam,6,18 July 2025,07:45,Pagi,Cerah,Dara Laut Kumis,Chlidonias hybridus,6,,,2025-09-04 11:57:00,,
-7.3817,112.7878,Dalam,6,18 July 2025,07:45,Pagi,Cerah,Kuntul Kecil,Egretta garzetta,4,,,2025-09-04 11:57:00,,
-7.3817,112.7878,Dalam,6,18 July 2025,07:45,Pagi,Cerah,Layang-Layang Batu,Hirundo javanica,2,,,2025-09-04 11:57:00,,
-7.3817,112.7878,Dalam,6,18 July 2025,07:45,Pagi,Cerah,Perkutut,Geopelia striata,4,,,2025-09-04 11:57:00,,
-7.3817,112.7878,Dalam,6,18 July 2025,07:45,Pagi,Cerah,Walet Linchi,Collocalia linchi,2,,,2025-09-04 11:57:00,,
-7.3797,112.7722,Dalam,8,18 July 2025,08:31,Pagi,Cerah,Blekok Sawah,Ardeola speciosa,26,,,2025-09-04 11:57:00,,
-7.3797,112.7722,Dalam,8,18 July 2025,08:31,Pagi,Cerah,Cangak Merah,Ardea purpurea,1,,,2025-09-04 11:57:00,,
-7.3797,112.7722,Dalam,8,18 July 2025,08:31,Pagi,Cerah,Dara Domestik,Columba livia domestica,3,,,2025-09-04 11:57:00,,
-7.3797,112.7722,Dalam,8,18 July 2025,08:31,Pagi,Cerah,Kerak Ungu,Acridotheres tristis,8,,,2025-09-04 11:57:00,,
-7.3797,112.7722,Dalam,8,18 July 2025,08:31,Pagi,Cerah,Kokokan Laut,Butorides striatus,1,,,2025-09-04 11:57:00,,
-7.3797,112.7722,Dalam,8,18 July 2025,08:31,Pagi,Cerah,Kuntul Kecil,Egretta garzetta,18,,,2025-09-04 11:57:00,,
-7.3797,112.7722,Dalam,8,18 July 2025,08:31,Pagi,Cerah,Pecuk Padi Hitam,Phalacrocorax sulcirostris,18,,,2025-09-04 11:57:00,,
-7.3797,112.7722,Dalam,8,18 July 2025,08:31,Pagi,Cerah,Pecuk Padi Kecil,Microcarbo niger,14,,,2025-09-04 11:57:00,,
-7.3797,112.7722,Dalam,8,18 July 2025,08:31,Pagi,Cerah,Perkutut,Geopelia striata,18,,,2025-09-04 11:57:00,,
-7.3753,112.7703,Dalam,1,21 July 2025,08:26,Pagi,Cerah,Blekok Sawah,Ardeola speciosa,14,,,2025-09-04 11:57:00,,
-7.3753,112.7703,Dalam,1,21 July 2025,08:26,Pagi,Cerah,Bondol Peking,Lonchura punctulata,1,,,2025-09-04 11:57:00,,
-7.3753,112.7703,Dalam,1,21 July 2025,08:26,Pagi,Cerah,Cangak Merah,Ardea purpurea,3,,,2025-09-04 11:57:00,,
-7.3753,112.7703,Dalam,1,21 July 2025,08:26,Pagi,Cerah,Kuntul Kecil,Egretta garzetta,4,,,2025-09-04 11:57:00,,
-7.3753,112.7703,Dalam,1,21 July 2025,08:26,Pagi,Cerah,Kutilang,Pycnonotus aurigaster,3,,,2025-09-04 11:57:00,,
-7.3753,112.7703,Dalam,1,21 July 2025,08:26,Pagi,Cerah,Layang-Layang Batu,Hirundo javanica,1,,,2025-09-04 11:57:00,,
-7.3753,112.7703,Dalam,1,21 July 2025,08:26,Pagi,Cerah,Pecuk Padi Hitam,Phalacrocorax sulcirostris,2,,,2025-09-04 11:57:00,,
-7.3753,112.7703,Dalam,1,21 July 2025,08:26,Pagi,Cerah,Perkutut,Geopelia striata,13,,,2025-09-04 11:57:00,,
-7.3753,112.7703,Dalam,1,21 July 2025,08:26,Pagi,Cerah,Walet Linchi,Collocalia linchi,1,,,2025-09-04 11:57:00,,
-7.3750,112.7786,Dalam,2,21 July 2025,16:45,Sore,Cerah,Blekok Sawah,Ardeola speciosa,14,,,2025-09-04 11:57:00,,
-7.3750,112.7786,Dalam,2,21 July 2025,16:45,Sore,Cerah,Cangak Abu,Ardea cinerea,8,,,2025-09-04 11:57:00,,
-7.3750,112.7786,Dalam,2,21 July 2025,16:45,Sore,Cerah,Cangak Merah,Ardea purpurea,8,,,2025-09-04 11:57:00,,
-7.3750,112.7786,Dalam,2,21 July 2025,16:45,Sore,Cerah,Dara Laut Biasa,Sterna hirundo,1,,,2025-09-04 11:57:00,,
-7.3750,112.7786,Dalam,2,21 July 2025,16:45,Sore,Cerah,Dara Laut Kumis,Chlidonias hybridus,2,,,2025-09-04 11:57:00,,
-7.3750,112.7786,Dalam,2,21 July 2025,16:45,Sore,Cerah,Kuntul Kecil,Egretta garzetta,11,,,2025-09-04 11:57:00,,
-7.3750,112.7786,Dalam,2,21 July 2025,16:45,Sore,Cerah,Kuntul Perak,Egretta intermedia,21,,,2025-09-04 11:57:00,,
-7.3750,112.7786,Dalam,2,21 July 2025,16:45,Sore,Cerah,Pecuk Padi Hitam,Phalacrocorax sulcirostris,12,,,2025-09-04 11:57:00,,
-7.3750,112.7786,Dalam,2,21 July 2025,16:45,Sore,Cerah,Perkutut,Geopelia striata,2,,,2025-09-04 11:57:00,,
-7.3750,112.7786,Dalam,2,21 July 2025,16:45,Sore,Cerah,Walet Linchi,Collocalia linchi,2,,,2025-09-04 11:57:00,,
-7.3770,112.794,Dalam,3,21 July 2025,16:28,Sore,Cerah,Burung Gereja,Passer montanus,55,bergerombol arah barat,,2025-09-04 11:57:00,,
-7.3770,112.794,Dalam,3,21 July 2025,16:28,Sore,Cerah,Cangak Abu,Ardea cinerea,3,pulang ke tambak utara,,2025-09-04 11:57:00,,
-7.3770,112.794,Dalam,3,21 July 2025,16:28,Sore,Cerah,Cangak Merah,Ardea purpurea,1,,,2025-09-04 11:57:00,,
-7.3770,112.794,Dalam,3,21 July 2025,16:28,Sore,Cerah,Dara Biasa,Columba livia,1,,,2025-09-04 11:57:00,,
-7.3770,112.794,Dalam,3,21 July 2025,16:28,Sore,Cerah,Dara Kumis,Chlidonias hybrida,2,,,2025-09-04 11:57:00,,
-7.3770,112.794,Dalam,3,21 July 2025,16:28,Sore,Cerah,Pecuk Padi Hitam,Phalacrocorax sulcirostris,1,,,2025-09-04 11:57:00,,
-7.3770,112.794,Dalam,3,21 July 2025,16:28,Sore,Cerah,Walet Linchi,Collocalia linchi,1,,,2025-09-04 11:57:00,,
-7.3770,112.794,Dalam,3,21 July 2025,16:28,Sore,Cerah,Walet Linchi,Collocalia linchi,1,,,2025-09-04 11:57:00,,
-7.3786,112.8006,Dalam,4,21 July 2025,07:00,Pagi,Cerah Berawan,Blekok Sawah,Ardeola speciosa,16,,,2025-09-04 11:57:00,,
-7.3786,112.8006,Dalam,4,21 July 2025,07:00,Pagi,Cerah Berawan,Cangak Merah,Ardea purpurea,1,,,2025-09-04 11:57:00,,
-7.3786,112.8006,Dalam,4,21 July 2025,07:00,Pagi,Cerah Berawan,Dara Laut Kumis,Chlidonias hybridus,4,,,2025-09-04 11:57:00,,
-7.3786,112.8006,Dalam,4,21 July 2025,07:00,Pagi,Cerah Berawan,Kirik-Kirik Laut,Merops philippinus,4,,,2025-09-04 11:57:00,,
-7.3786,112.8006,Dalam,4,21 July 2025,07:00,Pagi,Cerah Berawan,Kuntul Kecil,Egretta garzetta,3,,,2025-09-04 11:57:00,,
-7.3786,112.8006,Dalam,4,21 July 2025,07:00,Pagi,Cerah Berawan,Kutilang,Pycnonotus aurigaster,1,,,2025-09-04 11:57:00,,
-7.3786,112.8006,Dalam,4,21 July 2025,07:00,Pagi,Cerah Berawan,Layang-Layang Batu,Hirundo javanica,2,,,2025-09-04 11:57:00,,
-7.3786,112.8006,Dalam,4,21 July 2025,07:00,Pagi,Cerah Berawan,Pecuk Padi Hitam,Phalacrocorax sulcirostris,11,,,2025-09-04 11:57:00,,
-7.3786,112.8006,Dalam,4,21 July 2025,07:00,Pagi,Cerah Berawan,Pecuk Padi Kecil,Microcarbo niger,1,,,2025-09-04 11:57:00,,
-7.3786,112.8006,Dalam,4,21 July 2025,07:00,Pagi,Cerah Berawan,Perkutut,Geopelia striata,6,,,2025-09-04 11:57:00,,
-7.3786,112.8006,Dalam,4,21 July 2025,07:00,Pagi,Cerah Berawan,Walet Linchi,Collocalia linchi,3,,,2025-09-04 11:57:00,,
-7.3833,112.8006,Dalam,5,21 July 2025,07:10,Pagi,Cerah Berawan,Apung Tanah,Anthus novaeseelandiae,2,,,2025-09-04 11:57:00,,
-7.3833,112.8006,Dalam,5,21 July 2025,07:10,Pagi,Cerah Berawan,Blekok Sawah,Ardeola speciosa,10,,,2025-09-04 11:57:00,,
-7.3833,112.8006,Dalam,5,21 July 2025,07:10,Pagi,Cerah Berawan,Bondol Peking,Lonchura punctulata,14,,,2025-09-04 11:57:00,,
-7.3833,112.8006,Dalam,5,21 July 2025,07:10,Pagi,Cerah Berawan,Burung Gereja,Passer montanus,19,,,2025-09-04 11:57:00,,
-7.3833,112.8006,Dalam,5,21 July 2025,07:10,Pagi,Cerah Berawan,Cangak Abu,Ardea cinerea,2,,,2025-09-04 11:57:00,,
-7.3833,112.8006,Dalam,5,21 July 2025,07:10,Pagi,Cerah Berawan,Cangak Merah,Ardea purpurea,1,,,2025-09-04 11:57:00,,
-7.3833,112.8006,Dalam,5,21 July 2025,07:10,Pagi,Cerah Berawan,Dara Laut Kumis,Chlidonias hybridus,3,,,2025-09-04 11:57:00,,
-7.3833,112.8006,Dalam,5,21 July 2025,07:10,Pagi,Cerah Berawan,Kapasan,Lalage,1,,,2025-09-04 11:57:00,,
-7.3833,112.8006,Dalam,5,21 July 2025,07:10,Pagi,Cerah Berawan,Kirik-Kirik Laut,Merops philippinus,1,,,2025-09-04 11:57:00,,
-7.3833,112.8006,Dalam,5,21 July 2025,07:10,Pagi,Cerah Berawan,Kuntul Kecil,Egretta garzetta,11,,,2025-09-04 11:57:00,,
-7.3833,112.8006,Dalam,5,21 July 2025,07:10,Pagi,Cerah Berawan,Layang-Layang Batu,Hirundo javanica,24,,,2025-09-04 11:57:00,,
-7.3833,112.8006,Dalam,5,21 July 2025,07:10,Pagi,Cerah Berawan,Layang-Layang Gua,Hirundo daurica,2,,,2025-09-04 11:57:00,,
-7.3833,112.8006,Dalam,5,21 July 2025,07:10,Pagi,Cerah Berawan,Pecuk Padi Hitam,Phalacrocorax sulcirostris,4,,,2025-09-04 11:57:00,,
-7.3833,112.8006,Dalam,5,21 July 2025,07:10,Pagi,Cerah Berawan,Perkutut,Geopelia striata,6,,,2025-09-04 11:57:00,,
-7.3833,112.8006,Dalam,5,21 July 2025,07:10,Pagi,Cerah Berawan,Remetuk Laut,Gerygone sulphurea,1,,,2025-09-04 11:57:00,,
-7.3833,112.8006,Dalam,5,21 July 2025,07:10,Pagi,Cerah Berawan,Walet Linchi,Collocalia linchi,15,,,2025-09-04 11:57:00,,
-7.3833,112.8006,Dalam,5,21 July 2025,07:10,Pagi,Cerah Berawan,Walet Sapi,Collocalia esculenta,2,,,2025-09-04 11:57:00,,
-7.3817,112.7878,Dalam,6,21 July 2025,09:40,Pagi,Cerah,Bondol Peking,Lonchura punctulata,1,,,2025-09-04 11:57:00,,
-7.3817,112.7878,Dalam,6,21 July 2025,09:40,Pagi,Cerah,Perkutut,Geopelia striata,1,,,2025-09-04 11:57:00,,
-7.3814,112.7739,Dalam,7,21 July 2025,09:25,Pagi,Cerah,Kutilang,Pycnonotus aurigaster,3,,,2025-09-04 11:57:00,,
-7.3814,112.7739,Dalam,7,21 July 2025,09:25,Pagi,Cerah,Perkutut,Geopelia striata,2,,,2025-09-04 11:57:00,,
-7.3814,112.7739,Dalam,7,21 July 2025,09:25,Pagi,Cerah,Walet Sp,Collocalia sp,1,,,2025-09-04 11:57:00,,
-7.3797,112.7722,Dalam,8,21 July 2025,09:15,Pagi,Cerah,Blekok Sawah,Ardeola speciosa,2,,,2025-09-04 11:57:00,,
-7.3797,112.7722,Dalam,8,21 July 2025,09:15,Pagi,Cerah,Bondol Haji,Lonchura maja,2,,,2025-09-04 11:57:00,,
-7.3797,112.7722,Dalam,8,21 July 2025,09:15,Pagi,Cerah,Cangak Abu,Ardea cinerea,1,,,2025-09-04 11:57:00,,
-7.3797,112.7722,Dalam,8,21 July 2025,09:15,Pagi,Cerah,Kuntul Kecil,Egretta garzetta,1,,,2025-09-04 11:57:00,,
-7.3797,112.7722,Dalam,8,21 July 2025,09:15,Pagi,Cerah,Kuntul Perak,Egretta intermedia,1,,,2025-09-04 11:57:00,,
-7.3797,112.7722,Dalam,8,21 July 2025,09:15,Pagi,Cerah,Layang-Layang Batu,Hirundo javanica,1,,,2025-09-04 11:57:00,,
-7.3797,112.7722,Dalam,8,21 July 2025,09:15,Pagi,Cerah,Layang-Layang Gua,Hirundo daurica,4,,,2025-09-04 11:57:00,,
-7.3797,112.7722,Dalam,8,21 July 2025,09:15,Pagi,Cerah,Perkutut,Geopelia striata,1,,,2025-09-04 11:57:00,,
-7.3753,112.7703,Dalam,1,22 July 2025,16:43,Sore,Cerah Berawan,Blekok Sawah,Ardeola speciosa,11,,,2025-09-04 11:57:00,,
-7.3753,112.7703,Dalam,1,22 July 2025,16:43,Sore,Cerah Berawan,Burung Gereja,Passer montanus,5,,,2025-09-04 11:57:00,,
-7.3753,112.7703,Dalam,1,22 July 2025,16:43,Sore,Cerah Berawan,Cangak Abu,Ardea cinerea,1,,,2025-09-04 11:57:00,,
-7.3753,112.7703,Dalam,1,22 July 2025,16:43,Sore,Cerah Berawan,Cangak Merah,Ardea purpurea,1,,,2025-09-04 11:57:00,,
-7.3753,112.7703,Dalam,1,22 July 2025,16:43,Sore,Cerah Berawan,Kerak Ungu,Acridotheres tristis,11,,,2025-09-04 11:57:00,,
-7.3753,112.7703,Dalam,1,22 July 2025,16:43,Sore,Cerah Berawan,Kuntul Perak,Egretta intermedia,11,,,2025-09-04 11:57:00,,
-7.3753,112.7703,Dalam,1,22 July 2025,16:43,Sore,Cerah Berawan,Layang-Layang Batu,Hirundo javanica,9,,,2025-09-04 11:57:00,,
-7.3753,112.7703,Dalam,1,22 July 2025,16:43,Sore,Cerah Berawan,Layang-Layang Gua,Hirundo daurica,1,,,2025-09-04 11:57:00,,
-7.3753,112.7703,Dalam,1,22 July 2025,16:43,Sore,Cerah Berawan,Perkutut,Geopelia striata,9,,,2025-09-04 11:57:00,,
-7.3753,112.7703,Dalam,1,22 July 2025,16:43,Sore,Cerah Berawan,Walet Linchi,Collocalia linchi,5,,,2025-09-04 11:57:00,,
-7.3750,112.7786,Dalam,2,22 July 2025,16:06,Sore,Cerah,Blekok Sawah,Ardeola speciosa,11,,,2025-09-04 11:57:00,,
-7.3750,112.7786,Dalam,2,22 July 2025,16:06,Sore,Cerah,Blekok Sawah,Ardeola speciosa,28,,,2025-09-04 11:57:00,,
-7.3750,112.7786,Dalam,2,22 July 2025,16:06,Sore,Cerah,Burung Gereja,Passer montanus,3,,,2025-09-04 11:57:00,,
-7.3750,112.7786,Dalam,2,22 July 2025,16:06,Sore,Cerah,Cangak Abu,Ardea cinerea,4,,,2025-09-04 11:57:00,,
-7.3750,112.7786,Dalam,2,22 July 2025,16:06,Sore,Cerah,Cangak Abu,Ardea cinerea,1,,,2025-09-04 11:57:00,,
-7.3750,112.7786,Dalam,2,22 July 2025,16:06,Sore,Cerah,Cangak Merah,Ardea purpurea,2,,,2025-09-04 11:57:00,,
-7.3750,112.7786,Dalam,2,22 July 2025,16:06,Sore,Cerah,Dara Domestik,Columba livia domestica,1,,,2025-09-04 11:57:00,,
-7.3750,112.7786,Dalam,2,22 July 2025,16:06,Sore,Cerah,Dara Laut Kumis,Chlidonias hybridus,2,,,2025-09-04 11:57:00,,
-7.3750,112.7786,Dalam,2,22 July 2025,16:06,Sore,Cerah,Kerak Ungu,Acridotheres tristis,6,,,2025-09-04 11:57:00,,
-7.3750,112.7786,Dalam,2,22 July 2025,16:06,Sore,Cerah,Kuntul Kecil,Egretta garzetta,8,,,2025-09-04 11:57:00,,
-7.3750,112.7786,Dalam,2,22 July 2025,16:06,Sore,Cerah,Kuntul Kecil,Egretta garzetta,13,,,2025-09-04 11:57:00,,
-7.3750,112.7786,Dalam,2,22 July 2025,16:06,Sore,Cerah,Kuntul Perak,Egretta intermedia,12,,,2025-09-04 11:57:00,,
-7.3750,112.7786,Dalam,2,22 July 2025,16:06,Sore,Cerah,Kuntul Perak,Egretta intermedia,2,,,2025-09-04 11:57:00,,
-7.3750,112.7786,Dalam,2,22 July 2025,16:06,Sore,Cerah,Layang-Layang Batu,Hirundo javanica,1,,,2025-09-04 11:57:00,,
-7.3750,112.7786,Dalam,2,22 July 2025,16:06,Sore,Cerah,Pecuk Padi Hitam,Phalacrocorax sulcirostris,32,pulang ke timur,,2025-09-04 11:57:00,,
-7.3750,112.7786,Dalam,2,22 July 2025,16:06,Sore,Cerah,Pecuk Padi Hitam,Phalacrocorax sulcirostris,17,,,2025-09-04 11:57:00,,
-7.3750,112.7786,Dalam,2,22 July 2025,16:06,Sore,Cerah,Pecuk Padi Kecil,Microcarbo niger,3,,,2025-09-04 11:57:00,,
-7.3750,112.7786,Dalam,2,22 July 2025,16:06,Sore,Cerah,Pecuk Padi Kecil,Microcarbo niger,3,,,2025-09-04 11:57:00,,
-7.3750,112.7786,Dalam,2,22 July 2025,16:06,Sore,Cerah,Perkutut,Geopelia striata,11,,,2025-09-04 11:57:00,,
-7.3750,112.7786,Dalam,2,22 July 2025,16:06,Sore,Cerah,Perkutut,Geopelia striata,3,,,2025-09-04 11:57:00,,
-7.3750,112.7786,Dalam,2,22 July 2025,16:06,Sore,Cerah,Walet Linchi,Collocalia linchi,4,,,2025-09-04 11:57:00,,
-7.3750,112.7786,Dalam,2,22 July 2025,16:06,Sore,Cerah,Walet Linchi,Collocalia linchi,1,,,2025-09-04 11:57:00,,
-7.3770,112.794,Dalam,3,22 July 2025,16:00,Sore,Cerah,Blekok Sawah,Ardeola speciosa,4,,,2025-09-04 11:57:00,,
-7.3770,112.794,Dalam,3,22 July 2025,16:00,Sore,Cerah,Blekok Sawah,Ardeola speciosa,7,,,2025-09-04 11:57:00,,
-7.3770,112.794,Dalam,3,22 July 2025,16:00,Sore,Cerah,Bondol Haji,Lonchura maja,1,,,2025-09-04 11:57:00,,
-7.3770,112.794,Dalam,3,22 July 2025,16:00,Sore,Cerah,Bondol Peking,Lonchura punctulata,12,,,2025-09-04 11:57:00,,
-7.3770,112.794,Dalam,3,22 July 2025,16:00,Sore,Cerah,Burung Gereja,Passer montanus,20,,,2025-09-04 11:57:00,,
-7.3770,112.794,Dalam,3,22 July 2025,16:00,Sore,Cerah,Cangak Merah,Ardea purpurea,3,,,2025-09-04 11:57:00,,
-7.3770,112.794,Dalam,3,22 July 2025,16:00,Sore,Cerah,Dara Laut Kumis,Chlidonias hybridus,1,,,2025-09-04 11:57:00,,
-7.3770,112.794,Dalam,3,22 July 2025,16:00,Sore,Cerah,Dara Laut Kumis,Chlidonias hybridus,1,,,2025-09-04 11:57:00,,
-7.3770,112.794,Dalam,3,22 July 2025,16:00,Sore,Cerah,Kokokan Laut,Butorides striatus,1,,,2025-09-04 11:57:00,,
-7.3770,112.794,Dalam,3,22 July 2025,16:00,Sore,Cerah,Kuntul Kecil,Egretta garzetta,3,,,2025-09-04 11:57:00,,
-7.3770,112.794,Dalam,3,22 July 2025,16:00,Sore,Cerah,Kuntul Kecil,Egretta garzetta,3,,,2025-09-04 11:57:00,,
-7.3770,112.794,Dalam,3,22 July 2025,16:00,Sore,Cerah,Kuntul Perak,Egretta intermedia,9,,,2025-09-04 11:57:00,,
-7.3770,112.794,Dalam,3,22 July 2025,16:00,Sore,Cerah,Kuntul Perak,Egretta intermedia,10,,,2025-09-04 11:57:00,,
-7.3770,112.794,Dalam,3,22 July 2025,16:00,Sore,Cerah,Layang-Layang Batu,Hirundo javanica,4,,,2025-09-04 11:57:00,,
-7.3770,112.794,Dalam,3,22 July 2025,16:00,Sore,Cerah,Pecuk Padi Hitam,Phalacrocorax sulcirostris,1,,,2025-09-04 11:57:00,,
-7.3770,112.794,Dalam,3,22 July 2025,16:00,Sore,Cerah,Pecuk Padi Hitam,Phalacrocorax sulcirostris,7,,,2025-09-04 11:57:00,,
-7.3770,112.794,Dalam,3,22 July 2025,16:00,Sore,Cerah,Pecuk Padi Kecil,Microcarbo niger,1,,,2025-09-04 11:57:00,,
-7.3770,112.794,Dalam,3,22 July 2025,16:00,Sore,Cerah,Pecuk Padi Kecil,Microcarbo niger,2,,,2025-09-04 11:57:00,,
-7.3770,112.794,Dalam,3,22 July 2025,16:00,Sore,Cerah,Perkutut,Geopelia striata,4,,,2025-09-04 11:57:00,,
-7.3770,112.794,Dalam,3,22 July 2025,16:00,Sore,Cerah,Perkutut,Geopelia striata,1,,,2025-09-04 11:57:00,,
-7.3770,112.794,Dalam,3,22 July 2025,16:00,Sore,Cerah,Walet Linchi,Collocalia linchi,2,,,2025-09-04 11:57:00,,
-7.3770,112.794,Dalam,3,22 July 2025,16:00,Sore,Cerah,Walet Linchi,Collocalia linchi,3,,,2025-09-04 11:57:00,,
-7.3786,112.8006,Dalam,4,22 July 2025,16:06,Sore,Cerah,Blekok Sawah,Ardeola speciosa,12,,,2025-09-04 11:57:00,,
-7.3786,112.8006,Dalam,4,22 July 2025,16:06,Sore,Cerah,Burung Gereja,Passer montanus,7,,,2025-09-04 11:57:00,,
-7.3786,112.8006,Dalam,4,22 July 2025,16:06,Sore,Cerah,Cangak Merah,Ardea purpurea,2,,,2025-09-04 11:57:00,,
-7.3786,112.8006,Dalam,4,22 July 2025,16:06,Sore,Cerah,Cerek Jawa,Charadrius javanicus,1,,,2025-09-04 11:57:00,,
-7.3786,112.8006,Dalam,4,22 July 2025,16:06,Sore,Cerah,Dara Domestik,Columba livia domestica,2,,,2025-09-04 11:57:00,,
-7.3786,112.8006,Dalam,4,22 July 2025,16:06,Sore,Cerah,Kokokan Laut,Butorides striata,1,,,2025-09-04 11:57:00,,
-7.3786,112.8006,Dalam,4,22 July 2025,16:06,Sore,Cerah,Kuntul Kecil,Egretta garzetta,6,,,2025-09-04 11:57:00,,
-7.3786,112.8006,Dalam,4,22 July 2025,16:06,Sore,Cerah,Kuntul Perak,Egretta intermedia,8,,,2025-09-04 11:57:00,,
-7.3786,112.8006,Dalam,4,22 July 2025,16:06,Sore,Cerah,Pecuk Padi Hitam,Phalacrocorax sulcirostris,1,,,2025-09-04 11:57:00,,
-7.3786,112.8006,Dalam,4,22 July 2025,16:06,Sore,Cerah,Pecuk Padi Kecil,Microcarbo niger,2,,,2025-09-04 11:57:00,,
-7.3786,112.8006,Dalam,4,22 July 2025,16:06,Sore,Cerah,Perkutut,Geopelia striata,7,,,2025-09-04 11:57:00,,
-7.3786,112.8006,Dalam,4,22 July 2025,16:06,Sore,Cerah,Walet Linchi,Collocalia linchi,21,,,2025-09-04 11:57:00,,
-7.3833,112.8006,Dalam,5,22 July 2025,15:45,Sore,Cerah Berawan,Bentet Kelabu,Lanius schach,1,,,2025-09-04 11:57:00,,
-7.3833,112.8006,Dalam,5,22 July 2025,15:45,Sore,Cerah Berawan,Blekok Sawah,Ardeola speciosa,6,,,2025-09-04 11:57:00,,
-7.3833,112.8006,Dalam,5,22 July 2025,15:45,Sore,Cerah Berawan,Bubut Jawa,Centropus nigrorufus,1,,,2025-09-04 11:57:00,,
-7.3833,112.8006,Dalam,5,22 July 2025,15:45,Sore,Cerah Berawan,Dara Laut Kumis,Chlidonias hybridus,3,,,2025-09-04 11:57:00,,
-7.3833,112.8006,Dalam,5,22 July 2025,15:45,Sore,Cerah Berawan,Kuntul Kecil,Egretta garzetta,6,,,2025-09-04 11:57:00,,
-7.3833,112.8006,Dalam,5,22 July 2025,15:45,Sore,Cerah Berawan,Kutilang,Pycnonotus aurigaster,4,,,2025-09-04 11:57:00,,
-7.3833,112.8006,Dalam,5,22 July 2025,15:45,Sore,Cerah Berawan,Layang-Layang Batu,Hirundo javanica,1,,,2025-09-04 11:57:00,,
-7.3833,112.8006,Dalam,5,22 July 2025,15:45,Sore,Cerah Berawan,Pecuk Padi Kecil,Microcarbo niger,3,,,2025-09-04 11:57:00,,
-7.3833,112.8006,Dalam,5,22 July 2025,15:45,Sore,Cerah Berawan,Perkutut,Geopelia striata,2,,,2025-09-04 11:57:00,,
-7.3750,112.7786,Dalam,2,23 July 2025,16:45,Sore,Cerah,Blekok Sawah,Ardeola speciosa,8,,,2025-09-04 11:57:00,,
-7.3750,112.7786,Dalam,2,23 July 2025,16:45,Sore,Cerah,Cangak Abu,Ardea cinerea,3,,,2025-09-04 11:57:00,,
-7.3750,112.7786,Dalam,2,23 July 2025,16:45,Sore,Cerah,Cangak Merah,Ardea purpurea,7,,,2025-09-04 11:57:00,,
-7.3750,112.7786,Dalam,2,23 July 2025,16:45,Sore,Cerah,Cucak Kutilang,Pycnonotus aurigaster,3,,,2025-09-04 11:57:00,,
-7.3750,112.7786,Dalam,2,23 July 2025,16:45,Sore,Cerah,Dara Laut Biasa,Sterna hirundo,2,,,2025-09-04 11:57:00,,
-7.3750,112.7786,Dalam,2,23 July 2025,16:45,Sore,Cerah,Kerak Ungu,Acridotheres tristis,4,,,2025-09-04 11:57:00,,
-7.3750,112.7786,Dalam,2,23 July 2025,16:45,Sore,Cerah,Kuntul Kecil,Egretta garzetta,11,,,2025-09-04 11:57:00,,
-7.3750,112.7786,Dalam,2,23 July 2025,16:45,Sore,Cerah,Kuntul Perak,Egretta intermedia,8,,,2025-09-04 11:57:00,,
-7.3750,112.7786,Dalam,2,23 July 2025,16:45,Sore,Cerah,Perkutut,Geopelia striata,6,,,2025-09-04 11:57:00,,
-7.3770,112.794,Dalam,3,23 July 2025,15:31,Sore,Cerah,Blekok Sawah,Ardeola speciosa,7,,,2025-09-04 11:57:00,,
-7.3770,112.794,Dalam,3,23 July 2025,15:31,Sore,Cerah,Bondol Haji,Lonchura maja,1,,,2025-09-04 11:57:00,,
-7.3770,112.794,Dalam,3,23 July 2025,15:31,Sore,Cerah,Bondol Peking,Lonchura punctulata,72,,,2025-09-04 11:57:00,,
-7.3770,112.794,Dalam,3,23 July 2025,15:31,Sore,Cerah,Burung Gereja,Passer montanus,10,,,2025-09-04 11:57:00,,
-7.3770,112.794,Dalam,3,23 July 2025,15:31,Sore,Cerah,Cangak Abu,Ardea cinerea,2,,,2025-09-04 11:57:00,,
-7.3770,112.794,Dalam,3,23 July 2025,15:31,Sore,Cerah,Cangak Merah,Ardea purpurea,9,,,2025-09-04 11:57:00,,
-7.3770,112.794,Dalam,3,23 July 2025,15:31,Sore,Cerah,Dara Domestik,Columba livia domestica,3,,,2025-09-04 11:57:00,,
-7.3770,112.794,Dalam,3,23 July 2025,15:31,Sore,Cerah,Dara Laut Kumis,Chlidonias hybridus,1,,,2025-09-04 11:57:00,,
-7.3770,112.794,Dalam,3,23 July 2025,15:31,Sore,Cerah,Kuntul Kecil,Egretta garzetta,9,,,2025-09-04 11:57:00,,
-7.3770,112.794,Dalam,3,23 July 2025,15:31,Sore,Cerah,Kuntul Perak,Egretta intermedia,16,,,2025-09-04 11:57:00,,
-7.3770,112.794,Dalam,3,23 July 2025,15:31,Sore,Cerah,Layang-Layang Sp,Hirundo rustica,11,,,2025-09-04 11:57:00,,
-7.3770,112.794,Dalam,3,23 July 2025,15:31,Sore,Cerah,Pecuk Padi Kecil,Microcarbo niger,2,,,2025-09-04 11:57:00,,
-7.3770,112.794,Dalam,3,23 July 2025,15:31,Sore,Cerah,Walet Linchi,Collocalia linchi,11,,,2025-09-04 11:57:00,,
-7.3786,112.8006,Dalam,4,23 July 2025,16:36,Sore,Cerah,Blekok Sawah,Ardeola speciosa,13,,,2025-09-04 11:57:00,,
-7.3786,112.8006,Dalam,4,23 July 2025,16:36,Sore,Cerah,Bondol Peking,Lonchura punctulata,45,,,2025-09-04 11:57:00,,
-7.3786,112.8006,Dalam,4,23 July 2025,16:36,Sore,Cerah,Cangak Abu,Ardea cinerea,1,,,2025-09-04 11:57:00,,
-7.3786,112.8006,Dalam,4,23 July 2025,16:36,Sore,Cerah,Cangak Merah,Ardea purpurea,4,,,2025-09-04 11:57:00,,
-7.3786,112.8006,Dalam,4,23 July 2025,16:36,Sore,Cerah,Dara Domestik,Columba livia domestica,5,,,2025-09-04 11:57:00,,
-7.3786,112.8006,Dalam,4,23 July 2025,16:36,Sore,Cerah,Dara Laut Kumis,Chlidonias hybridus,3,,,2025-09-04 11:57:00,,
-7.3786,112.8006,Dalam,4,23 July 2025,16:36,Sore,Cerah,Kuntul Kecil,Egretta garzetta,11,,,2025-09-04 11:57:00,,
-7.3786,112.8006,Dalam,4,23 July 2025,16:36,Sore,Cerah,Kuntul Perak,Egretta intermedia,7,,,2025-09-04 11:57:00,,
-7.3786,112.8006,Dalam,4,23 July 2025,16:36,Sore,Cerah,Layang-Layang Batu,Hirundo javanica,26,,,2025-09-04 11:57:00,,
-7.3786,112.8006,Dalam,4,23 July 2025,16:36,Sore,Cerah,Pecuk Padi Hitam,Phalacrocorax sulcirostris,1,,,2025-09-04 11:57:00,,
-7.3786,112.8006,Dalam,4,23 July 2025,16:36,Sore,Cerah,Perkutut,Geopelia striata,15,,,2025-09-04 11:57:00,,
-7.3833,112.8006,Dalam,5,23 July 2025,16:45,Sore,Cerah,Blekok Sawah,Ardeola speciosa,12,,,2025-09-04 11:57:00,,
-7.3833,112.8006,Dalam,5,23 July 2025,16:45,Sore,Cerah,Bondol Jawa,Lonchura leucogastroides,1,,,2025-09-04 11:57:00,,
-7.3833,112.8006,Dalam,5,23 July 2025,16:45,Sore,Cerah,Bondol Peking,Lonchura punctulata,36,,,2025-09-04 11:57:00,,
-7.3833,112.8006,Dalam,5,23 July 2025,16:45,Sore,Cerah,Bubut Jawa,Centropus nigrorufus,1,,,2025-09-04 11:57:00,,
-7.3833,112.8006,Dalam,5,23 July 2025,16:45,Sore,Cerah,Cangak Abu,Ardea cinerea,2,,,2025-09-04 11:57:00,,
-7.3833,112.8006,Dalam,5,23 July 2025,16:45,Sore,Cerah,Cangak Merah,Ardea purpurea,1,,,2025-09-04 11:57:00,,
-7.3833,112.8006,Dalam,5,23 July 2025,16:45,Sore,Cerah,Kuntul Kecil,Egretta garzetta,6,,,2025-09-04 11:57:00,,
-7.3833,112.8006,Dalam,5,23 July 2025,16:45,Sore,Cerah,Kuntul Perak,Egretta intermedia,17,,,2025-09-04 11:57:00,,
-7.3833,112.8006,Dalam,5,23 July 2025,16:45,Sore,Cerah,Perkutut,Geopelia striata,6,,,2025-09-04 11:57:00,,
-7.3833,112.8006,Dalam,5,23 July 2025,16:45,Sore,Cerah,Walet Linchi,Collocalia linchi,5,,,2025-09-04 11:57:00,,
-7.3753,112.7703,Luar Barat,1,25 July 2025,17:20,Sore,Cerah Berawan,Blekok Sawah,Ardeola speciosa,67,,,2025-09-04 11:57:00,,
-7.3753,112.7703,Luar Barat,1,25 July 2025,17:20,Sore,Cerah Berawan,Bondol Peking,Lonchura punctulata,2,,,2025-09-04 11:57:00,,
-7.3753,112.7703,Luar Barat,1,25 July 2025,17:20,Sore,Cerah Berawan,Cangak Merah,Ardea purpurea,17,,,2025-09-04 11:57:00,,
-7.3753,112.7703,Luar Barat,1,25 July 2025,17:20,Sore,Cerah Berawan,Cucak Kutilang,Pycnonotus aurigaster,2,,,2025-09-04 11:57:00,,
-7.3753,112.7703,Luar Barat,1,25 July 2025,17:20,Sore,Cerah Berawan,Kuntul Kecil,Egretta garzetta,1,,,2025-09-04 11:57:00,,
-7.3753,112.7703,Luar Barat,1,25 July 2025,17:20,Sore,Cerah Berawan,Layang-Layang Batu,Hirundo javanica,2,,,2025-09-04 11:57:00,,
-7.3753,112.7703,Luar Barat,1,25 July 2025,17:20,Sore,Cerah Berawan,Walet Linchi,Collocalia linchi,14,,,2025-09-04 11:57:00,,
-7.3786,112.8006,Luar Utara,4,25 July 2025,16:41,Sore,Cerah Berawan,Blekok Sawah,Ardeola speciosa,13,,,2025-09-04 11:57:00,,
-7.3786,112.8006,Luar Utara,4,25 July 2025,16:41,Sore,Cerah Berawan,Bondol Haji,Lonchura maja,1,,,2025-09-04 11:57:00,,
-7.3786,112.8006,Luar Utara,4,25 July 2025,16:41,Sore,Cerah Berawan,Bondol Ikan,Haliastur indus,12,,,2025-09-04 11:57:00,,
-7.3786,112.8006,Luar Utara,4,25 July 2025,16:41,Sore,Cerah Berawan,Bondol Jawa,Lonchura leucogastroides,1,,,2025-09-04 11:57:00,,
-7.3786,112.8006,Luar Utara,4,25 July 2025,16:41,Sore,Cerah Berawan,Bondol Peking,Lonchura punctulata,59,,,2025-09-04 11:57:00,,
-7.3786,112.8006,Luar Utara,4,25 July 2025,16:41,Sore,Cerah Berawan,Cucak Kutilang,Pycnonotus aurigaster,7,,,2025-09-04 11:57:00,,
-7.3786,112.8006,Luar Utara,4,25 July 2025,16:41,Sore,Cerah Berawan,Dara Laut Tengkuk Hitam,Sterna sumatrana,1,,,2025-09-04 11:57:00,,
-7.3786,112.8006,Luar Utara,4,25 July 2025,16:41,Sore,Cerah Berawan,Kuntul Kecil,Egretta garzetta,4,,,2025-09-04 11:57:00,,
-7.3786,112.8006,Luar Utara,4,25 July 2025,16:41,Sore,Cerah Berawan,Kuntul Perak,Egretta intermedia,5,,,2025-09-04 11:57:00,,
-7.3786,112.8006,Luar Utara,4,25 July 2025,16:41,Sore,Cerah Berawan,Layang-Layang Batu,Hirundo javanica,16,,,2025-09-04 11:57:00,,
-7.3786,112.8006,Luar Utara,4,25 July 2025,16:41,Sore,Cerah Berawan,Walet Linchi,Collocalia linchi,4,,,2025-09-04 11:57:00,,
-7.3753,112.7703,Dalam,1,30 July 2025,11:04,Pagi,Cerah Berawan,Blekok Sawah,Ardeola speciosa,7,,,2025-09-04 11:57:00,,
-7.3753,112.7703,Dalam,1,30 July 2025,11:04,Pagi,Cerah Berawan,Bondol Peking,Lonchura punctulata,4,,,2025-09-04 11:57:00,,
-7.3753,112.7703,Dalam,1,30 July 2025,11:04,Pagi,Cerah Berawan,Cucak Kutilang,Pycnonotus aurigaster,3,,,2025-09-04 11:57:00,,
-7.3753,112.7703,Dalam,1,30 July 2025,11:04,Pagi,Cerah Berawan,Dederuk Jawa,Streptopelia bitorquata,3,,,2025-09-04 11:57:00,,
-7.3753,112.7703,Dalam,1,30 July 2025,11:04,Pagi,Cerah Berawan,Kuntul Kecil,Egretta garzetta,17,,,2025-09-04 11:57:00,,
-7.3753,112.7703,Dalam,1,30 July 2025,11:04,Pagi,Cerah Berawan,Layang-Layang Batu,Hirundo javanica,3,,,2025-09-04 11:57:00,,
-7.3753,112.7703,Dalam,1,30 July 2025,11:04,Pagi,Cerah Berawan,Perkutut,Geopelia striata,13,,,2025-09-04 11:57:00,,
-7.3753,112.7703,Dalam,1,30 July 2025,11:04,Pagi,Cerah Berawan,Walet Sp,Collocalia sp,9,,,2025-09-04 11:57:00,,
-7.3750,112.7786,Dalam,2,30 July 2025,10:50,Pagi,Cerah Berawan,Blekok Sawah,Ardeola speciosa,7,,,2025-09-04 11:57:00,,
-7.3750,112.7786,Dalam,2,30 July 2025,10:50,Pagi,Cerah Berawan,Bondol Peking,Lonchura punctulata,4,,,2025-09-04 11:57:00,,
-7.3750,112.7786,Dalam,2,30 July 2025,10:50,Pagi,Cerah Berawan,Cangak Abu,Ardea cinerea,3,,,2025-09-04 11:57:00,,
-7.3750,112.7786,Dalam,2,30 July 2025,10:50,Pagi,Cerah Berawan,Cangak Merah,Ardea purpurea,3,,,2025-09-04 11:57:00,,
-7.3750,112.7786,Dalam,2,30 July 2025,10:50,Pagi,Cerah Berawan,Dara Laut Kecil,Sterna albifrons,17,,,2025-09-04 11:57:00,,
-7.3750,112.7786,Dalam,2,30 July 2025,10:50,Pagi,Cerah Berawan,Dederuk,Streptopelia,3,,,2025-09-04 11:57:00,,
-7.3750,112.7786,Dalam,2,30 July 2025,10:50,Pagi,Cerah Berawan,Kuntul Kecil,Egretta garzetta,13,,,2025-09-04 11:57:00,,
-7.3750,112.7786,Dalam,2,30 July 2025,10:50,Pagi,Cerah Berawan,Kuntul Perak,Egretta intermedia,9,,,2025-09-04 11:57:00,,
-7.3750,112.7786,Dalam,2,30 July 2025,10:50,Pagi,Cerah Berawan,Pecuk Padi Kecil,Microcarbo niger,4,,,2025-09-04 11:57:00,,
-7.3750,112.7786,Dalam,2,30 July 2025,10:50,Pagi,Cerah Berawan,Perkutut,Geopelia striata,15,,,2025-09-04 11:57:00,,
-7.3750,112.7786,Dalam,2,30 July 2025,10:50,Pagi,Cerah Berawan,Walet Sp,Collocalia sp,2,,,2025-09-04 11:57:00,,
-7.3770,112.794,Dalam,3,30 July 2025,10:39,Pagi,Cerah Berawan,Bondol Haji,Lonchura maja,3,,,2025-09-04 11:57:00,,
-7.3770,112.794,Dalam,3,30 July 2025,10:39,Pagi,Cerah Berawan,Bondol Peking,Lonchura punctulata,4,,,2025-09-04 11:57:00,,
-7.3770,112.794,Dalam,3,30 July 2025,10:39,Pagi,Cerah Berawan,Burung Gereja,Passer montanus,3,,,2025-09-04 11:57:00,,
-7.3770,112.794,Dalam,3,30 July 2025,10:39,Pagi,Cerah Berawan,Cangak Abu,Ardea cinerea,5,,,2025-09-04 11:57:00,,
-7.3770,112.794,Dalam,3,30 July 2025,10:39,Pagi,Cerah Berawan,Cangak Merah,Ardea purpurea,6,,,2025-09-04 11:57:00,,
-7.3770,112.794,Dalam,3,30 July 2025,10:39,Pagi,Cerah Berawan,Kuntul Kecil,Egretta garzetta,6,,,2025-09-04 11:57:00,,
-7.3770,112.794,Dalam,3,30 July 2025,10:39,Pagi,Cerah Berawan,Kuntul Perak,Egretta intermedia,17,,,2025-09-04 11:57:00,,
-7.3770,112.794,Dalam,3,30 July 2025,10:39,Pagi,Cerah Berawan,Layang-Layang Batu,Hirundo javanica,10,,,2025-09-04 11:57:00,,
-7.3770,112.794,Dalam,3,30 July 2025,10:39,Pagi,Cerah Berawan,Pecuk Padi Kecil,Microcarbo niger,5,,,2025-09-04 11:57:00,,
-7.3770,112.794,Dalam,3,30 July 2025,10:39,Pagi,Cerah Berawan,Perkutut,Geopelia striata,1,,,2025-09-04 11:57:00,,
-7.3770,112.794,Dalam,3,30 July 2025,10:39,Pagi,Cerah Berawan,Walet Sp,Collocalia sp,21,,,2025-09-04 11:57:00,,
-7.3786,112.8006,Dalam,4,30 July 2025,10:35,Pagi,Cerah Berawan,Dederuk Jawa,Streptopelia bitorquata,2,,,2025-09-04 11:57:00,,
-7.3786,112.8006,Dalam,4,30 July 2025,10:35,Pagi,Cerah Berawan,Kuntul Kecil,Egretta garzetta,4,,,2025-09-04 11:57:00,,
-7.3786,112.8006,Dalam,4,30 July 2025,10:35,Pagi,Cerah Berawan,Kuntul Perak,Egretta intermedia,3,,,2025-09-04 11:57:00,,
-7.3786,112.8006,Dalam,4,30 July 2025,10:35,Pagi,Cerah Berawan,Pecuk Padi Kecil,Microcarbo niger,4,,,2025-09-04 11:57:00,,
-7.3786,112.8006,Dalam,4,30 July 2025,10:35,Pagi,Cerah Berawan,Perkutut,Geopelia striata,1,,,2025-09-04 11:57:00,,
-7.3786,112.8006,Dalam,4,30 July 2025,10:35,Pagi,Cerah Berawan,Walet Sp,Collocalia sp,6,,,2025-09-04 11:57:00,,
-7.3833,112.8006,Dalam,5,30 July 2025,10:28,Pagi,Cerah Berawan,Blekok Sawah,Ardeola speciosa,10,,,2025-09-04 11:57:00,,
-7.3833,112.8006,Dalam,5,30 July 2025,10:28,Pagi,Cerah Berawan,Bondol Peking,Lonchura punctulata,2,,,2025-09-04 11:57:00,,
-7.3833,112.8006,Dalam,5,30 July 2025,10:28,Pagi,Cerah Berawan,Dara Laut Kumis,Chlidonias hybridus,1,,,2025-09-04 11:57:00,,
-7.3833,112.8006,Dalam,5,30 July 2025,10:28,Pagi,Cerah Berawan,Kuntul Kecil,Egretta garzetta,1,,,2025-09-04 11:57:00,,
-7.3833,112.8006,Dalam,5,30 July 2025,10:28,Pagi,Cerah Berawan,Pecuk Padi Kecil,Microcarbo niger,5,,,2025-09-04 11:57:00,,
-7.3833,112.8006,Dalam,5,30 July 2025,10:28,Pagi,Cerah Berawan,Walet Linchi,Collocalia linchi,6,,,2025-09-04 11:57:00,,
-7.3797,112.7722,Dalam,8,30 July 2025,11:07,Pagi,Cerah Berawan,Cucak Kutilang,Pycnonotus aurigaster,2,,,2025-09-04 11:57:00,,
-7.3797,112.7722,Dalam,8,30 July 2025,11:07,Pagi,Cerah Berawan,Dederuk,Streptopelia,1,,,2025-09-04 11:57:00,,
-7.3797,112.7722,Dalam,8,30 July 2025,11:07,Pagi,Cerah Berawan,Perkutut,Geopelia striata,2,,,2025-09-04 11:57:00,,
-7.3753,112.7703,Dalam,1,04 August 2025,12:45,Siang,Cerah Berawan,Blekok Sawah,Ardeola speciosa,11,,,2025-09-04 11:57:00,,
-7.3753,112.7703,Dalam,1,04 August 2025,12:45,Siang,Cerah Berawan,Dederuk Jawa,Streptopelia bitorquata,2,,,2025-09-04 11:57:00,,
-7.3753,112.7703,Dalam,1,04 August 2025,12:45,Siang,Cerah Berawan,Kuntul Perak,Egretta intermedia,1,,,2025-09-04 11:57:00,,
-7.3753,112.7703,Dalam,1,04 August 2025,12:45,Siang,Cerah Berawan,Layang-Layang Batu,Hirundo javanica,1,,,2025-09-04 11:57:00,,
-7.3753,112.7703,Dalam,1,04 August 2025,12:45,Siang,Cerah Berawan,Perkutut,Geopelia striata,3,,,2025-09-04 11:57:00,,
-7.3753,112.7703,Dalam,1,04 August 2025,12:45,Siang,Cerah Berawan,Walet Sp,Collocalia sp,7,,,2025-09-04 11:57:00,,
-7.3750,112.7786,Dalam,2,04 August 2025,12:17,Siang,Cerah Berawan,Blekok Sawah,Ardeola speciosa,17,,,2025-09-04 11:57:00,,
-7.3750,112.7786,Dalam,2,04 August 2025,12:17,Siang,Cerah Berawan,Bondol Peking,Lonchura punctulata,9,,,2025-09-04 11:57:00,,
-7.3750,112.7786,Dalam,2,04 August 2025,12:17,Siang,Cerah Berawan,Cangak Abu,Ardea cinerea,5,,,2025-09-04 11:57:00,,
-7.3750,112.7786,Dalam,2,04 August 2025,12:17,Siang,Cerah Berawan,Cangak Merah,Ardea purpurea,10,,,2025-09-04 11:57:00,,
-7.3750,112.7786,Dalam,2,04 August 2025,12:17,Siang,Cerah Berawan,Kuntul Kecil,Egretta garzetta,5,,,2025-09-04 11:57:00,,
-7.3750,112.7786,Dalam,2,04 August 2025,12:17,Siang,Cerah Berawan,Kuntul Perak,Egretta intermedia,15,,,2025-09-04 11:57:00,,
-7.3750,112.7786,Dalam,2,04 August 2025,12:17,Siang,Cerah Berawan,Pecuk Padi Hitam,Phalacrocorax sulcirostris,3,,,2025-09-04 11:57:00,,
-7.3750,112.7786,Dalam,2,04 August 2025,12:17,Siang,Cerah Berawan,Pecuk Padi Kecil,Microcarbo niger,2,,,2025-09-04 11:57:00,,
-7.3750,112.7786,Dalam,2,04 August 2025,12:17,Siang,Cerah Berawan,Perkutut,Geopelia striata,5,,,2025-09-04 11:57:00,,
-7.3750,112.7786,Dalam,2,04 August 2025,12:17,Siang,Cerah Berawan,Walet Sp,Collocalia sp,3,,,2025-09-04 11:57:00,,
-7.3770,112.794,Dalam,3,04 August 2025,12:08,Siang,Cerah Berawan,Blekok Sawah,Ardeola speciosa,4,,,2025-09-04 11:57:00,,
-7.3770,112.794,Dalam,3,04 August 2025,12:08,Siang,Cerah Berawan,Bondol Peking,Lonchura punctulata,8,,,2025-09-04 11:57:00,,
-7.3770,112.794,Dalam,3,04 August 2025,12:08,Siang,Cerah Berawan,Cangak Merah,Ardea purpurea,1,,,2025-09-04 11:57:00,,
-7.3770,112.794,Dalam,3,04 August 2025,12:08,Siang,Cerah Berawan,Kuntul Kecil,Egretta garzetta,4,,,2025-09-04 11:57:00,,
-7.3770,112.794,Dalam,3,04 August 2025,12:08,Siang,Cerah Berawan,Kuntul Perak,Egretta intermedia,23,,,2025-09-04 11:57:00,,
-7.3770,112.794,Dalam,3,04 August 2025,12:08,Siang,Cerah Berawan,Layang-Layang Batu,Hirundo javanica,8,,,2025-09-04 11:57:00,,
-7.3770,112.794,Dalam,3,04 August 2025,12:08,Siang,Cerah Berawan,Layang-Layang Gua,Hirundo daurica,3,,,2025-09-04 11:57:00,,
-7.3770,112.794,Dalam,3,04 August 2025,12:08,Siang,Cerah Berawan,Pecuk Padi Hitam,Phalacrocorax sulcirostris,2,,,2025-09-04 11:57:00,,
-7.3770,112.794,Dalam,3,04 August 2025,12:08,Siang,Cerah Berawan,Pecuk Padi Kecil,Microcarbo niger,1,,,2025-09-04 11:57:00,,
-7.3770,112.794,Dalam,3,04 August 2025,12:08,Siang,Cerah Berawan,Walet Sp,Collocalia sp,21,,,2025-09-04 11:57:00,,
-7.3786,112.8006,Dalam,4,04 August 2025,12:03,Siang,Cerah Berawan,Bentet Kelabu,Lanius schach,1,,,2025-09-04 11:57:00,,
-7.3786,112.8006,Dalam,4,04 August 2025,12:03,Siang,Cerah Berawan,Blekok Sawah,Ardeola speciosa,1,,,2025-09-04 11:57:00,,
-7.3786,112.8006,Dalam,4,04 August 2025,12:03,Siang,Cerah Berawan,Cangak Merah,Ardea purpurea,3,,,2025-09-04 11:57:00,,
-7.3786,112.8006,Dalam,4,04 August 2025,12:03,Siang,Cerah Berawan,Dara Laut Biasa,Sterna hirundo,1,,,2025-09-04 11:57:00,,
-7.3786,112.8006,Dalam,4,04 August 2025,12:03,Siang,Cerah Berawan,Dara Laut Kumis,Chlidonias hybridus,2,,,2025-09-04 11:57:00,,
-7.3786,112.8006,Dalam,4,04 August 2025,12:03,Siang,Cerah Berawan,Dederuk Jawa,Streptopelia bitorquata,4,,,2025-09-04 11:57:00,,
-7.3786,112.8006,Dalam,4,04 August 2025,12:03,Siang,Cerah Berawan,Kuntul Kecil,Egretta garzetta,1,,,2025-09-04 11:57:00,,
-7.3786,112.8006,Dalam,4,04 August 2025,12:03,Siang,Cerah Berawan,Kuntul Perak,Egretta intermedia,21,,,2025-09-04 11:57:00,,
-7.3786,112.8006,Dalam,4,04 August 2025,12:03,Siang,Cerah Berawan,Pecuk Padi Hitam,Phalacrocorax sulcirostris,2,,,2025-09-04 11:57:00,,
-7.3786,112.8006,Dalam,4,04 August 2025,12:03,Siang,Cerah Berawan,Perkutut Jawa,Geopelia striata,9,,,2025-09-04 11:57:00,,
-7.3786,112.8006,Dalam,4,04 August 2025,12:03,Siang,Cerah Berawan,Walet Sp,Collocalia sp,3,,,2025-09-04 11:57:00,,
-7.3833,112.8006,Dalam,5,04 August 2025,11:54,Pagi,Cerah Berawan,Blekok Sawah,Ardeola speciosa,11,,,2025-09-04 11:57:00,,
-7.3833,112.8006,Dalam,5,04 August 2025,11:54,Pagi,Cerah Berawan,Burung Gereja,Passer montanus,12,,,2025-09-04 11:57:00,,
-7.3833,112.8006,Dalam,5,04 August 2025,11:54,Pagi,Cerah Berawan,Cerek Jawa,Charadrius javanicus,1,,,2025-09-04 11:57:00,,
-7.3833,112.8006,Dalam,5,04 August 2025,11:54,Pagi,Cerah Berawan,Dederuk Jawa,Streptopelia bitorquata,1,,,2025-09-04 11:57:00,,
-7.3833,112.8006,Dalam,5,04 August 2025,11:54,Pagi,Cerah Berawan,Kuntul Kecil,Egretta garzetta,3,,,2025-09-04 11:57:00,,
-7.3833,112.8006,Dalam,5,04 August 2025,11:54,Pagi,Cerah Berawan,Layang-Layang Batu,Hirundo javanica,3,,,2025-09-04 11:57:00,,
-7.3833,112.8006,Dalam,5,04 August 2025,11:54,Pagi,Cerah Berawan,Perkutut Jawa,Geopelia striata,7,,,2025-09-04 11:57:00,,
-7.3833,112.8006,Dalam,5,04 August 2025,11:54,Pagi,Cerah Berawan,Walet Sp,Collocalia sp,13,,,2025-09-04 11:57:00,,
-7.3797,112.7722,Dalam,8,04 August 2025,12:50,Siang,Cerah Berawan,Dederuk Jawa,Streptopelia bitorquata,2,,,2025-09-04 11:57:00,,
-7.3797,112.7722,Dalam,8,04 August 2025,12:50,Siang,Cerah Berawan,Kuntul Perak,Egretta intermedia,2,,,2025-09-04 11:57:00,,
-7.3797,112.7722,Dalam,8,04 August 2025,12:50,Siang,Cerah Berawan,Kuntul Perak,Egretta intermedia,16,,,2025-09-04 11:57:00,,
-7.3753,112.7703,Dalam,1,08 August 2025,16:46,Sore,Cerah Berawan,Blekok Sawah,Ardeola speciosa,23,,,2025-09-04 11:57:00,,
-7.3753,112.7703,Dalam,1,08 August 2025,16:46,Sore,Cerah Berawan,Bondol Peking,Lonchura punctulata,10,,,2025-09-04 11:57:00,,
-7.3753,112.7703,Dalam,1,08 August 2025,16:46,Sore,Cerah Berawan,Kekep Babi,Artamus leucorynchus,1,,,2025-09-04 11:57:00,,
-7.3753,112.7703,Dalam,1,08 August 2025,16:46,Sore,Cerah Berawan,Perkutut,Geopelia striata,5,,,2025-09-04 11:57:00,,
-7.3750,112.7786,Dalam,2,08 August 2025,16:29,Sore,Cerah Berawan,Blekok Sawah,Ardeola speciosa,17,,,2025-09-04 11:57:00,,
-7.3750,112.7786,Dalam,2,08 August 2025,16:29,Sore,Cerah Berawan,Cangak Abu,Ardea cinerea,4,,,2025-09-04 11:57:00,,
-7.3750,112.7786,Dalam,2,08 August 2025,16:29,Sore,Cerah Berawan,Cangak Merah,Ardea purpurea,8,,,2025-09-04 11:57:00,,
-7.3750,112.7786,Dalam,2,08 August 2025,16:29,Sore,Cerah Berawan,Cerek Jawa,Charadrius javanicus,4,,,2025-09-04 11:57:00,,
-7.3750,112.7786,Dalam,2,08 August 2025,16:29,Sore,Cerah Berawan,Dara Laut Kumis,Chlidonias hybridus,5,,,2025-09-04 11:57:00,,
-7.3750,112.7786,Dalam,2,08 August 2025,16:29,Sore,Cerah Berawan,Kerak Ungu,Acridotheres tristis,7,,,2025-09-04 11:57:00,,
-7.3750,112.7786,Dalam,2,08 August 2025,16:29,Sore,Cerah Berawan,Kirik-Kirik Laut,Merops philippinus,2,,,2025-09-04 11:57:00,,
-7.3750,112.7786,Dalam,2,08 August 2025,16:29,Sore,Cerah Berawan,Kokokan Laut,Butorides striatus,2,,,2025-09-04 11:57:00,,
-7.3750,112.7786,Dalam,2,08 August 2025,16:29,Sore,Cerah Berawan,Kuntul Kecil,Egretta garzetta,18,,,2025-09-04 11:57:00,,
-7.3750,112.7786,Dalam,2,08 August 2025,16:29,Sore,Cerah Berawan,Kuntul Kerbau,Bubulcus ibis,13,,,2025-09-04 11:57:00,,
-7.3750,112.7786,Dalam,2,08 August 2025,16:29,Sore,Cerah Berawan,Pecuk Padi Hitam,Phalacrocorax sulcirostris,4,,,2025-09-04 11:57:00,,
-7.3786,112.8006,Dalam,4,08 August 2025,15:58,Sore,Cerah Berawan,Blekok Sawah,Ardeola speciosa,11,,,2025-09-04 11:57:00,,
-7.3786,112.8006,Dalam,4,08 August 2025,15:58,Sore,Cerah Berawan,Cangak Merah,Ardea purpurea,2,,,2025-09-04 11:57:00,,
-7.3786,112.8006,Dalam,4,08 August 2025,15:58,Sore,Cerah Berawan,Cerek Jawa,Charadrius javanicus,2,,,2025-09-04 11:57:00,,
-7.3786,112.8006,Dalam,4,08 August 2025,15:58,Sore,Cerah Berawan,Dara Laut Biasa,Sterna hirundo,1,,,2025-09-04 11:57:00,,
-7.3786,112.8006,Dalam,4,08 August 2025,15:58,Sore,Cerah Berawan,Dederuk Jawa,Streptopelia bitorquata,4,,,2025-09-04 11:57:00,,
-7.3786,112.8006,Dalam,4,08 August 2025,15:58,Sore,Cerah Berawan,Kuntul Kecil,Egretta garzetta,1,,,2025-09-04 11:57:00,,
-7.3786,112.8006,Dalam,4,08 August 2025,15:58,Sore,Cerah Berawan,Kuntul Kerbau,Bubulcus ibis,15,,,2025-09-04 11:57:00,,
-7.3786,112.8006,Dalam,4,08 August 2025,15:58,Sore,Cerah Berawan,Kutilang,Pycnonotus aurigaster,2,,,2025-09-04 11:57:00,,
-7.3786,112.8006,Dalam,4,08 August 2025,15:58,Sore,Cerah Berawan,Layang-Layang Batu,Hirundo javanica,7,,,2025-09-04 11:57:00,,
-7.3786,112.8006,Dalam,4,08 August 2025,15:58,Sore,Cerah Berawan,Pecuk Padi Hitam,Phalacrocorax sulcirostris,1,,,2025-09-04 11:57:00,,
-7.3786,112.8006,Dalam,4,08 August 2025,15:58,Sore,Cerah Berawan,Pecuk Padi Kecil,Microcarbo niger,1,,,2025-09-04 11:57:00,,
-7.3786,112.8006,Dalam,4,08 August 2025,15:58,Sore,Cerah Berawan,Perkutut,Geopelia striata,1,,,2025-09-04 11:57:00,,
-7.3786,112.8006,Dalam,4,08 August 2025,15:58,Sore,Cerah Berawan,Walet Sp,Collocalia sp,7,,,2025-09-04 11:57:00,,
-7.3833,112.8006,Dalam,5,08 August 2025,15:44,Sore,Cerah Berawan,Bentet Kelabu,Lanius schach,1,,,2025-09-04 11:57:00,,
-7.3833,112.8006,Dalam,5,08 August 2025,15:44,Sore,Cerah Berawan,Blekok Sawah,Ardeola speciosa,23,,,2025-09-04 11:57:00,,
-7.3833,112.8006,Dalam,5,08 August 2025,15:44,Sore,Cerah Berawan,Bondol Peking,Lonchura punctulata,9,,,2025-09-04 11:57:00,,
-7.3833,112.8006,Dalam,5,08 August 2025,15:44,Sore,Cerah Berawan,Cangak Merah,Ardea purpurea,5,,,2025-09-04 11:57:00,,
-7.3833,112.8006,Dalam,5,08 August 2025,15:44,Sore,Cerah Berawan,Dara Laut Kumis,Chlidonias hybridus,1,,,2025-09-04 11:57:00,,
-7.3833,112.8006,Dalam,5,08 August 2025,15:44,Sore,Cerah Berawan,Dara Laut Tenguk Hitam,Sterna sumatrana,1,,,2025-09-04 11:57:00,,
-7.3833,112.8006,Dalam,5,08 August 2025,15:44,Sore,Cerah Berawan,Dederuk Jawa,Streptopelia bitorquata,3,,,2025-09-04 11:57:00,,
-7.3833,112.8006,Dalam,5,08 August 2025,15:44,Sore,Cerah Berawan,Kuntul Kecil,Egretta garzetta,3,,,2025-09-04 11:57:00,,
-7.3833,112.8006,Dalam,5,08 August 2025,15:44,Sore,Cerah Berawan,Kuntul Kerbau,Bubulcus ibis,11,,,2025-09-04 11:57:00,,
-7.3833,112.8006,Dalam,5,08 August 2025,15:44,Sore,Cerah Berawan,Perkutut,Geopelia striata,5,,,2025-09-04 11:57:00,,
-7.3833,112.8006,Dalam,5,08 August 2025,15:44,Sore,Cerah Berawan,Trinil Pantai,Tringa hypoleucos,1,,,2025-09-04 11:57:00,,
-7.3833,112.8006,Dalam,5,08 August 2025,15:44,Sore,Cerah Berawan,Walet Sp,Collocalia sp,9,,,2025-09-04 11:57:00,,
-7.3817,112.7878,Dalam,6,08 August 2025,16:56,Sore,Berawan,Kerak Ungu,Acridotheres tristis,4,,,2025-09-04 11:57:00,,
-7.3817,112.7878,Dalam,6,08 August 2025,16:56,Sore,Berawan,Kutilang,Pycnonotus aurigaster,1,,,2025-09-04 11:57:00,,
-7.3817,112.7878,Dalam,6,08 August 2025,16:56,Sore,Berawan,Perkutut,Geopelia striata,5,,,2025-09-04 11:57:00,,
-7.3817,112.7878,Dalam,6,08 August 2025,16:56,Sore,Berawan,Walet Sp,Collocalia sp,1,,,2025-09-04 11:57:00,,
-7.3814,112.7739,Dalam,7,08 August 2025,16:53,Sore,Berawan,Kerak Ungu,Acridotheres tristis,4,,,2025-09-04 11:57:00,,
-7.3814,112.7739,Dalam,7,08 August 2025,16:53,Sore,Berawan,Kuntul Perak,Egretta intermedia,2,,,2025-09-04 11:57:00,,
-7.3814,112.7739,Dalam,7,08 August 2025,16:53,Sore,Berawan,Kutilang,Pycnonotus aurigaster,1,,,2025-09-04 11:57:00,,
-7.3814,112.7739,Dalam,7,08 August 2025,16:53,Sore,Berawan,Layang-Layang Batu,Hirundo javanica,3,,,2025-09-04 11:57:00,,
-7.3814,112.7739,Dalam,7,08 August 2025,16:53,Sore,Berawan,Perkutut,Geopelia striata,5,,,2025-09-04 11:57:00,,
-7.3814,112.7739,Dalam,7,08 August 2025,16:53,Sore,Berawan,Walet Sp,Collocalia sp,1,,,2025-09-04 11:57:00,,
-7.3797,112.7722,Dalam,8,08 August 2025,16:48,Sore,Berawan,Blekok Sawah,Ardeola speciosa,7,,,2025-09-04 11:57:00,,
-7.3797,112.7722,Dalam,8,08 August 2025,16:48,Sore,Berawan,Cangak Merah,Ardea purpurea,2,,,2025-09-04 11:57:00,,
-7.3797,112.7722,Dalam,8,08 August 2025,16:48,Sore,Berawan,Dederuk Jawa,Streptopelia bitorquata,1,,,2025-09-04 11:57:00,,
-7.3797,112.7722,Dalam,8,08 August 2025,16:48,Sore,Berawan,Kerak Ungu,Acridotheres tristis,3,,,2025-09-04 11:57:00,,
-7.3797,112.7722,Dalam,8,08 August 2025,16:48,Sore,Berawan,Kuntul Kerbau,Bubulcus ibis,4,,,2025-09-04 11:57:00,,
-7.3797,112.7722,Dalam,8,08 August 2025,16:48,Sore,Berawan,Kutilang,Pycnonotus aurigaster,1,,,2025-09-04 11:57:00,,
-7.3797,112.7722,Dalam,8,08 August 2025,16:48,Sore,Berawan,Kutilang,Pycnonotus aurigaster,5,,,2025-09-04 11:57:00,,
-7.3797,112.7722,Dalam,8,08 August 2025,16:48,Sore,Berawan,Perkutut,Geopelia striata,16,,,2025-09-04 11:57:00,,
-7.3750,112.7786,Dalam,2,12 August 2025,16:43,Sore,Cerah Berawan,Blekok Sawah,Ardeola speciosa,39,,,2025-09-04 11:57:00,,
-7.3750,112.7786,Dalam,2,12 August 2025,16:43,Sore,Cerah Berawan,Bondol Peking,Lonchura punctulata,3,,,2025-09-04 11:57:00,,
-7.3750,112.7786,Dalam,2,12 August 2025,16:43,Sore,Cerah Berawan,Cangak Abu,Ardea cinerea,5,,,2025-09-04 11:57:00,,
-7.3750,112.7786,Dalam,2,12 August 2025,16:43,Sore,Cerah Berawan,Cangak Merah,Ardea purpurea,5,,,2025-09-04 11:57:00,,
-7.3750,112.7786,Dalam,2,12 August 2025,16:43,Sore,Cerah Berawan,Cerek Jawa,Charadrius javanicus,9,,,2025-09-04 11:57:00,,
-7.3750,112.7786,Dalam,2,12 August 2025,16:43,Sore,Cerah Berawan,Dara Laut Kumis,Chlidonias hybridus,4,,,2025-09-04 11:57:00,,
-7.3750,112.7786,Dalam,2,12 August 2025,16:43,Sore,Cerah Berawan,Kuntul Besar,Ardeidae,6,,,2025-09-04 11:57:00,,
-7.3750,112.7786,Dalam,2,12 August 2025,16:43,Sore,Cerah Berawan,Kuntul Kecil,Egretta garzetta,19,,,2025-09-04 11:57:00,,
-7.3750,112.7786,Dalam,2,12 August 2025,16:43,Sore,Cerah Berawan,Kuntul Kerbau,Bubulcus ibis,12,,,2025-09-04 11:57:00,,
-7.3750,112.7786,Dalam,2,12 August 2025,16:43,Sore,Cerah Berawan,Pecuk Padi Hitam,Phalacrocorax sulcirostris,4,,,2025-09-04 11:57:00,,
-7.3750,112.7786,Dalam,2,12 August 2025,16:43,Sore,Cerah Berawan,Tekukur,Spilopelia chinensis,3,,,2025-09-04 11:57:00,,
-7.3770,112.794,Dalam,3,12 August 2025,16:30,Sore,Cerah Berawan,Blekok Sawah,Ardeola speciosa,1,,,2025-09-04 11:57:00,,
-7.3770,112.794,Dalam,3,12 August 2025,16:30,Sore,Cerah Berawan,Bondol Peking,Lonchura punctulata,4,,,2025-09-04 11:57:00,,
-7.3770,112.794,Dalam,3,12 August 2025,16:30,Sore,Cerah Berawan,Cangak Abu,Ardea cinerea,1,,,2025-09-04 11:57:00,,
-7.3770,112.794,Dalam,3,12 August 2025,16:30,Sore,Cerah Berawan,Cangak Merah,Ardea purpurea,2,,,2025-09-04 11:57:00,,
-7.3770,112.794,Dalam,3,12 August 2025,16:30,Sore,Cerah Berawan,Cerek Jawa,Charadrius javanicus,1,,,2025-09-04 11:57:00,,
-7.3770,112.794,Dalam,3,12 August 2025,16:30,Sore,Cerah Berawan,Kokokan Laut,Butorides striatus,3,,,2025-09-04 11:57:00,,
-7.3770,112.794,Dalam,3,12 August 2025,16:30,Sore,Cerah Berawan,Kuntul Kecil,Egretta garzetta,7,,,2025-09-04 11:57:00,,
-7.3770,112.794,Dalam,3,12 August 2025,16:30,Sore,Cerah Berawan,Kuntul Kerbau,Bubulcus ibis,33,,,2025-09-04 11:57:00,,
-7.3770,112.794,Dalam,3,12 August 2025,16:30,Sore,Cerah Berawan,Pecuk Padi Hitam,Phalacrocorax sulcirostris,1,,,2025-09-04 11:57:00,,
-7.3770,112.794,Dalam,3,12 August 2025,16:30,Sore,Cerah Berawan,Pecuk Padi Kecil,Microcarbo niger,1,,,2025-09-04 11:57:00,,
-7.3770,112.794,Dalam,3,12 August 2025,16:30,Sore,Cerah Berawan,Walet Sp,Collocalia sp,2,,,2025-09-04 11:57:00,,
-7.3786,112.8006,Dalam,4,12 August 2025,16:25,Sore,Cerah Berawan,Blekok Sawah,Ardeola speciosa,12,,,2025-09-04 11:57:00,,
-7.3786,112.8006,Dalam,4,12 August 2025,16:25,Sore,Cerah Berawan,Cangak Merah,Ardea purpurea,5,,,2025-09-04 11:57:00,,
-7.3786,112.8006,Dalam,4,12 August 2025,16:25,Sore,Cerah Berawan,Kuntul Kecil,Egretta garzetta,6,,,2025-09-04 11:57:00,,
-7.3786,112.8006,Dalam,4,12 August 2025,16:25,Sore,Cerah Berawan,Kuntul Kerbau,Bubulcus ibis,25,,,2025-09-04 11:57:00,,
-7.3786,112.8006,Dalam,4,12 August 2025,16:25,Sore,Cerah Berawan,Pecuk Padi Hitam,Phalacrocorax sulcirostris,2,,,2025-09-04 11:57:00,,
-7.3833,112.8006,Dalam,5,12 August 2025,16:16,Sore,Cerah Berawan,Blekok Sawah,Ardeola speciosa,3,,,2025-09-04 11:57:00,,
-7.3833,112.8006,Dalam,5,12 August 2025,16:16,Sore,Cerah Berawan,Cangak Merah,Ardea purpurea,8,,,2025-09-04 11:57:00,,
-7.3833,112.8006,Dalam,5,12 August 2025,16:16,Sore,Cerah Berawan,Dara Domestik,Columba livia domestica,1,,,2025-09-04 11:57:00,,
-7.3833,112.8006,Dalam,5,12 August 2025,16:16,Sore,Cerah Berawan,Dara Laut Kumis,Chlidonias hybridus,1,,,2025-09-04 11:57:00,,
-7.3833,112.8006,Dalam,5,12 August 2025,16:16,Sore,Cerah Berawan,Dederuk Jawa,Streptopelia bitorquata,6,,,2025-09-04 11:57:00,,
-7.3833,112.8006,Dalam,5,12 August 2025,16:16,Sore,Cerah Berawan,Kokokan Laut,Butorides striata,1,,,2025-09-04 11:57:00,,
-7.3833,112.8006,Dalam,5,12 August 2025,16:16,Sore,Cerah Berawan,Kuntul Kerbau,Bubulcus ibis,11,,,2025-09-04 11:57:00,,
-7.3833,112.8006,Dalam,5,12 August 2025,16:16,Sore,Cerah Berawan,Layang-Layang Sp,Hirundo rustica,1,,,2025-09-04 11:57:00,,
-7.3833,112.8006,Dalam,5,12 August 2025,16:16,Sore,Cerah Berawan,Perkutut,Geopelia striata,8,,,2025-09-04 11:57:00,,
-7.3833,112.8006,Dalam,5,12 August 2025,16:16,Sore,Cerah Berawan,Walet Sp,Collocalia sp,1,,,2025-09-04 11:57:00,,
-7.3750,112.7786,Dalam,2,13 August 2025,11:00,Siang,Berawan,Blekok Sawah,Ardeola speciosa,16,,,2025-09-04 11:57:00,,
-7.3750,112.7786,Dalam,2,13 August 2025,11:00,Siang,Berawan,Cangak Abu,Ardea cinerea,10,,,2025-09-04 11:57:00,,
-7.3750,112.7786,Dalam,2,13 August 2025,11:00,Siang,Berawan,Cangak Merah,Ardea purpurea,10,,,2025-09-04 11:57:00,,
-7.3750,112.7786,Dalam,2,13 August 2025,11:00,Siang,Berawan,Cerek Jawa,Charadrius javanicus,2,,,2025-09-04 11:57:00,,
-7.3750,112.7786,Dalam,2,13 August 2025,11:00,Siang,Berawan,Kerak Ungu,Acridotheres tristis,1,,,2025-09-04 11:57:00,,
-7.3750,112.7786,Dalam,2,13 August 2025,11:00,Siang,Berawan,Kokokan Laut,Butorides striatus,1,,,2025-09-04 11:57:00,,
-7.3750,112.7786,Dalam,2,13 August 2025,11:00,Siang,Berawan,Kuntul Kecil,Egretta garzetta,15,,,2025-09-04 11:57:00,,
-7.3750,112.7786,Dalam,2,13 August 2025,11:00,Siang,Berawan,Kuntul Kerbau,Bubulcus ibis,55,,,2025-09-04 11:57:00,,
-7.3750,112.7786,Dalam,2,13 August 2025,11:00,Siang,Berawan,Pecuk Padi Hitam,Phalacrocorax sulcirostris,6,,,2025-09-04 11:57:00,,
-7.3750,112.7786,Dalam,2,13 August 2025,11:00,Siang,Berawan,Perkutut,Geopelia striata,6,,,2025-09-04 11:57:00,,
-7.3770,112.794,Dalam,3,13 August 2025,11:35,Siang,Berawan,Bondol Peking,Lonchura punctulata,2,,,2025-09-04 11:57:00,,
-7.3770,112.794,Dalam,3,13 August 2025,11:35,Siang,Berawan,Kuntul Kerbau,Bubulcus ibis,7,,,2025-09-04 11:57:00,,
-7.3770,112.794,Dalam,3,13 August 2025,11:35,Siang,Berawan,Perkutut,Geopelia striata,2,,,2025-09-04 11:57:00,,
-7.3750,112.7786,Dalam,2,15 August 2025,15:46,Sore,Cerah,Blekok Sawah,Ardeola speciosa,7,,,2025-09-04 11:57:00,,
-7.3750,112.7786,Dalam,2,15 August 2025,15:46,Sore,Cerah,Cangak Abu,Ardea cinerea,9,,,2025-09-04 11:57:00,,
-7.3750,112.7786,Dalam,2,15 August 2025,15:46,Sore,Cerah,Cangak Merah,Ardea purpurea,7,,,2025-09-04 11:57:00,,
-7.3750,112.7786,Dalam,2,15 August 2025,15:46,Sore,Cerah,Dara Laut Tengkuk Hitam,Sterna sumatrana,1,,,2025-09-04 11:57:00,,
-7.3750,112.7786,Dalam,2,15 August 2025,15:46,Sore,Cerah,Kokokan Laut,Butorides striata,1,,,2025-09-04 11:57:00,,
-7.3750,112.7786,Dalam,2,15 August 2025,15:46,Sore,Cerah,Kuntul Kecil,Egretta garzetta,4,,,2025-09-04 11:57:00,,
-7.3750,112.7786,Dalam,2,15 August 2025,15:46,Sore,Cerah,Kuntul Kerbau,Bubulcus ibis,7,,,2025-09-04 11:57:00,,
-7.3750,112.7786,Dalam,2,15 August 2025,15:46,Sore,Cerah,Pecuk Padi Hitam,Phalacrocorax sulcirostris,5,,,2025-09-04 11:57:00,,
-7.3770,112.794,Dalam,3,15 August 2025,15:33,Sore,Cerah,Blekok Sawah,Ardeola speciosa,3,,,2025-09-04 11:57:00,,
-7.3770,112.794,Dalam,3,15 August 2025,15:33,Sore,Cerah,Bondol Peking,Lonchura punctulata,2,,,2025-09-04 11:57:00,,
-7.3770,112.794,Dalam,3,15 August 2025,15:33,Sore,Cerah,Cangak Abu,Ardea cinerea,1,,,2025-09-04 11:57:00,,
-7.3770,112.794,Dalam,3,15 August 2025,15:33,Sore,Cerah,Cangak Merah,Ardea purpurea,2,,,2025-09-04 11:57:00,,
-7.3770,112.794,Dalam,3,15 August 2025,15:33,Sore,Cerah,Cerek Jawa,Charadrius javanicus,4,,,2025-09-04 11:57:00,,
-7.3770,112.794,Dalam,3,15 August 2025,15:33,Sore,Cerah,Kekep Babi,Artamus leucorynchus,1,,,2025-09-04 11:57:00,,
-7.3770,112.794,Dalam,3,15 August 2025,15:33,Sore,Cerah,Kokokan Laut,Butorides striatus,1,,,2025-09-04 11:57:00,,
-7.3770,112.794,Dalam,3,15 August 2025,15:33,Sore,Cerah,Kuntul Kecil,Egretta garzetta,2,,,2025-09-04 11:57:00,,
-7.3770,112.794,Dalam,3,15 August 2025,15:33,Sore,Cerah,Kuntul Kerbau,Bubulcus ibis,25,,,2025-09-04 11:57:00,,
-7.3770,112.794,Dalam,3,15 August 2025,15:33,Sore,Cerah,Perkutut,Geopelia striata,2,,,2025-09-04 11:57:00,,
-7.3770,112.794,Dalam,3,15 August 2025,15:33,Sore,Cerah,Tekukur,Spilopelia chinensis,8,,,2025-09-04 11:57:00,,
-7.3770,112.794,Dalam,3,15 August 2025,15:33,Sore,Cerah,Trinil Pantai,Tringa hypoleucos,1,,,2025-09-04 11:57:00,,
-7.3770,112.794,Dalam,3,15 August 2025,15:33,Sore,Cerah,Walet Sp,Collocalia sp,1,,,2025-09-04 11:57:00,,
-7.3786,112.8006,Dalam,4,15 August 2025,15:11,Sore,Cerah,Blekok Sawah,Ardeola speciosa,13,,,2025-09-04 11:57:00,,
-7.3786,112.8006,Dalam,4,15 August 2025,15:11,Sore,Cerah,Cangak Merah,Ardea purpurea,6,,,2025-09-04 11:57:00,,
-7.3786,112.8006,Dalam,4,15 August 2025,15:11,Sore,Cerah,Dederuk Jawa,Streptopelia bitorquata,11,,,2025-09-04 11:57:00,,
-7.3786,112.8006,Dalam,4,15 August 2025,15:11,Sore,Cerah,Kokokan Laut,Butorides striatus,4,,,2025-09-04 11:57:00,,
-7.3786,112.8006,Dalam,4,15 August 2025,15:11,Sore,Cerah,Kuntul Kecil,Egretta garzetta,2,,,2025-09-04 11:57:00,,
-7.3786,112.8006,Dalam,4,15 August 2025,15:11,Sore,Cerah,Kuntul Kerbau,Bubulcus ibis,15,,,2025-09-04 11:57:00,,
-7.3786,112.8006,Dalam,4,15 August 2025,15:11,Sore,Cerah,Pecuk Padi Hitam,Phalacrocorax sulcirostris,26,,,2025-09-04 11:57:00,,
-7.3786,112.8006,Dalam,4,15 August 2025,15:11,Sore,Cerah,Pecuk Padi Kecil,Microcarbo niger,3,,,2025-09-04 11:57:00,,
-7.3786,112.8006,Dalam,4,15 August 2025,15:11,Sore,Cerah,Perkutut,Geopelia striata,12,,,2025-09-04 11:57:00,,
-7.3786,112.8006,Dalam,4,15 August 2025,15:11,Sore,Cerah,Walet Linchi,Collocalia linchi,1,,,2025-09-04 11:57:00,,
-7.3786,112.8006,Dalam,4,15 August 2025,15:11,Sore,Cerah,Walet Sp,Collocalia sp,1,,,2025-09-04 11:57:00,,
-7.3833,112.8006,Dalam,5,15 August 2025,14:52,Sore,Cerah,Blekok Sawah,Ardeola speciosa,9,,,2025-09-04 11:57:00,,
-7.3833,112.8006,Dalam,5,15 August 2025,14:52,Sore,Cerah,Bondol Peking,Lonchura punctulata,14,,,2025-09-04 11:57:00,,
-7.3833,112.8006,Dalam,5,15 August 2025,14:52,Sore,Cerah,Cangak Merah,Ardea purpurea,4,,,2025-09-04 11:57:00,,
-7.3833,112.8006,Dalam,5,15 August 2025,14:52,Sore,Cerah,Kirik-Kirik Laut,Merops philippinus,4,,,2025-09-04 11:57:00,,
-7.3833,112.8006,Dalam,5,15 August 2025,14:52,Sore,Cerah,Kuntul Kecil,Egretta garzetta,2,,,2025-09-04 11:57:00,,
-7.3833,112.8006,Dalam,5,15 August 2025,14:52,Sore,Cerah,Kuntul Kerbau,Bubulcus ibis,11,,,2025-09-04 11:57:00,,
-7.3833,112.8006,Dalam,5,15 August 2025,14:52,Sore,Cerah,Layang-Layang Sp,Hirundo rustica,4,,,2025-09-04 11:57:00,,
-7.3833,112.8006,Dalam,5,15 August 2025,14:52,Sore,Cerah,Perkutut,Geopelia striata,9,,,2025-09-04 11:57:00,,
-7.3833,112.8006,Dalam,5,15 August 2025,14:52,Sore,Cerah,Trinil Pantai,Tringa hypoleucos,1,,,2025-09-04 11:57:00,,
-7.3833,112.8006,Dalam,5,15 August 2025,14:52,Sore,Cerah,Walet Sp,Collocalia sp,3,,,2025-09-04 11:57:00,,
-7.3753,112.7703,Dalam,1,24 August 2025,16:00,Sore,Cerah,Blekok Sawah,Ardeola speciosa,19,,,2025-09-04 11:57:00,,
-7.3753,112.7703,Dalam,1,24 August 2025,16:00,Sore,Cerah,Cangak Merah,Ardea purpurea,1,,,2025-09-04 11:57:00,,
-7.3753,112.7703,Dalam,1,24 August 2025,16:00,Sore,Cerah,Kerak Jawa,Acridotheres javanicus,1,,,2025-09-04 11:57:00,,
-7.3753,112.7703,Dalam,1,24 August 2025,16:00,Sore,Cerah,Kuntul Kecil,Egretta garzetta,1,,,2025-09-04 11:57:00,,
-7.3753,112.7703,Dalam,1,24 August 2025,16:00,Sore,Cerah,Perkutut,Geopelia striata,1,,,2025-09-04 11:57:00,,
-7.3750,112.7786,Dalam,2,24 August 2025,15:51,Sore,Cerah,Blekok Sawah,Ardeola speciosa,13,,,2025-09-04 11:57:00,,
-7.3750,112.7786,Dalam,2,24 August 2025,15:51,Sore,Cerah,Bondol Peking,Lonchura punctulata,4,,,2025-09-04 11:57:00,,
-7.3750,112.7786,Dalam,2,24 August 2025,15:51,Sore,Cerah,Cangak Abu,Ardea cinerea,13,,,2025-09-04 11:57:00,,
-7.3750,112.7786,Dalam,2,24 August 2025,15:51,Sore,Cerah,Cangak Merah,Ardea purpurea,5,,,2025-09-04 11:57:00,,
-7.3750,112.7786,Dalam,2,24 August 2025,15:51,Sore,Cerah,Cerek Jawa,Charadrius javanicus,5,,,2025-09-04 11:57:00,,
-7.3750,112.7786,Dalam,2,24 August 2025,15:51,Sore,Cerah,Kuntul Kecil,Egretta garzetta,9,,,2025-09-04 11:57:00,,
-7.3750,112.7786,Dalam,2,24 August 2025,15:51,Sore,Cerah,Kuntul Kerbau,Bubulcus ibis,25,,,2025-09-04 11:57:00,,
-7.3750,112.7786,Dalam,2,24 August 2025,15:51,Sore,Cerah,Pecuk Padi Kecil,Microcarbo niger,4,,,2025-09-04 11:57:00,,
-7.3750,112.7786,Dalam,2,24 August 2025,15:51,Sore,Cerah,Perkutut Jawa,Geopelia striata,5,,,2025-09-04 11:57:00,,
-7.3750,112.7786,Dalam,2,24 August 2025,15:51,Sore,Cerah,Walet Linchi,Collocalia linchi,1,,,2025-09-04 11:57:00,,
-7.3770,112.794,Dalam,3,24 August 2025,15:38,Sore,Cerah,Blekok Sawah,Ardeola speciosa,4,,,2025-09-04 11:57:00,,
-7.3770,112.794,Dalam,3,24 August 2025,15:38,Sore,Cerah,Cangak Abu,Ardea cinerea,2,,,2025-09-04 11:57:00,,
-7.3770,112.794,Dalam,3,24 August 2025,15:38,Sore,Cerah,Cangak Merah,Ardea purpurea,2,,,2025-09-04 11:57:00,,
-7.3770,112.794,Dalam,3,24 August 2025,15:38,Sore,Cerah,Cerek Jawa,Charadrius javanicus,3,,,2025-09-04 11:57:00,,
-7.3770,112.794,Dalam,3,24 August 2025,15:38,Sore,Cerah,Kokokan Laut,Butorides striata,2,,,2025-09-04 11:57:00,,
-7.3770,112.794,Dalam,3,24 August 2025,15:38,Sore,Cerah,Kuntul Kecil,Egretta garzetta,1,,,2025-09-04 11:57:00,,
-7.3770,112.794,Dalam,3,24 August 2025,15:38,Sore,Cerah,Kuntul Kecil,Egretta garzetta,3,,,2025-09-04 11:57:00,,
-7.3770,112.794,Dalam,3,24 August 2025,15:38,Sore,Cerah,Kuntul Kerbau,Bubulcus ibis,62,,,2025-09-04 11:57:00,,
-7.3770,112.794,Dalam,3,24 August 2025,15:38,Sore,Cerah,Pecuk Padi Kecil,Microcarbo niger,4,,,2025-09-04 11:57:00,,
-7.3786,112.8006,Dalam,4,24 August 2025,15:32,Sore,Cerah,Blekok Sawah,Ardeola speciosa,8,,,2025-09-04 11:57:00,,
-7.3786,112.8006,Dalam,4,24 August 2025,15:32,Sore,Cerah,Bondol Peking,Lonchura punctulata,24,,,2025-09-04 11:57:00,,
-7.3786,112.8006,Dalam,4,24 August 2025,15:32,Sore,Cerah,Cangak Abu,Ardea cinerea,2,,,2025-09-04 11:57:00,,
-7.3786,112.8006,Dalam,4,24 August 2025,15:32,Sore,Cerah,Cangak Merah,Ardea purpurea,1,,,2025-09-04 11:57:00,,
-7.3786,112.8006,Dalam,4,24 August 2025,15:32,Sore,Cerah,Dederuk Jawa,Streptopelia bitorquata,6,,,2025-09-04 11:57:00,,
-7.3786,April 21,Dalam,4,24 August 2025,15:32,Sore,Cerah,Kokokan Laut,Butorides striatus,1,,,2025-09-04 11:57:00,,
-7.3786,112.8006,Dalam,4,24 August 2025,15:32,Sore,Cerah,Kuntul Kecil,Egretta garzetta,6,,,2025-09-04 11:57:00,,
-7.3786,112.8006,Dalam,4,24 August 2025,15:32,Sore,Cerah,Kuntul Kerbau,Bubulcus ibis,11,,,2025-09-04 11:57:00,,
-7.3786,112.8006,Dalam,4,24 August 2025,15:32,Sore,Cerah,Pecuk Padi Hitam,Phalacrocorax sulcirostris,1,,,2025-09-04 11:57:00,,
-7.3786,April 21,Dalam,4,24 August 2025,15:32,Sore,Cerah,Pecuk Padi Kecil,Microcarbo niger,1,,,2025-09-04 11:57:00,,
-7.3833,112.8006,Dalam,5,24 August 2025,15:26,Sore,Cerah,Blekok Sawah,Ardeola speciosa,1,,,2025-09-04 11:57:00,,
-7.3833,112.8006,Dalam,5,24 August 2025,15:26,Sore,Cerah,Bondol Peking,Lonchura punctulata,1,,,2025-09-04 11:57:00,,
-7.3833,112.8006,Dalam,5,24 August 2025,15:26,Sore,Cerah,Cangak Merah,Ardea purpurea,1,,,2025-09-04 11:57:00,,
-7.3833,112.8006,Dalam,5,24 August 2025,15:26,Sore,Cerah,Dederuk Jawa,Streptopelia bitorquata,1,,,2025-09-04 11:57:00,,
-7.3833,112.8006,Dalam,5,24 August 2025,15:26,Sore,Cerah,Kuntul Kecil,Egretta garzetta,1,,,2025-09-04 11:57:00,,
-7.3833,112.8006,Dalam,5,24 August 2025,15:26,Sore,Cerah,Kuntul Kerbau,Bubulcus ibis,13,,,2025-09-04 11:57:00,,
-7.3833,112.8006,Dalam,5,24 August 2025,15:26,Sore,Cerah,Mandar Padi,Gallirallus,1,,,2025-09-04 11:57:00,,
-7.3833,112.8006,Dalam,5,24 August 2025,15:26,Sore,Cerah,Perkutut,Geopelia striata,9,,,2025-09-04 11:57:00,,
-7.3817,112.7878,Dalam,6,24 August 2025,16:18,Sore,Cerah,Kuntul Kerbau,Bubulcus ibis,4,,,2025-09-04 11:57:00,,
-7.3817,112.7878,Dalam,6,24 August 2025,16:18,Sore,Cerah,Perkutut,Geopelia striata,4,,,2025-09-04 11:57:00,,
-7.3814,112.7739,Dalam,7,24 August 2025,16:15,Sore,Cerah,Kuntul Kerbau,Bubulcus ibis,13,,,2025-09-04 11:57:00,,
-7.3814,112.7739,Dalam,7,24 August 2025,16:15,Sore,Cerah,Perkutut,Geopelia striata,3,,,2025-09-04 11:57:00,,
-7.3797,112.7722,Dalam,8,24 August 2025,16:05,Sore,Cerah,Blekok Sawah,Ardeola speciosa,3,,,2025-09-04 11:57:00,,
-7.3797,112.7722,Dalam,8,24 August 2025,16:05,Sore,Cerah,Dederuk Jawa,Streptopelia bitorquata,2,,,2025-09-04 11:57:00,,
-7.3797,112.7722,Dalam,8,24 August 2025,16:05,Sore,Cerah,Kuntul Kecil,Egretta garzetta,11,,,2025-09-04 11:57:00,,
-7.3797,112.7722,Dalam,8,24 August 2025,16:05,Sore,Cerah,Kuntul Kerbau,Bubulcus ibis,35,,,2025-09-04 11:57:00,,
-7.3770,112.794,Dalam,3,08 August 2025,16:12,Sore,Berawan,Blekok Sawah,Ardeola speciosa,4,,,2025-09-04 11:57:00,,
-7.3770,112.794,Dalam,3,08 August 2025,16:12,Sore,Berawan,Bondol Peking,Lonchura punctulata,5,,,2025-09-04 11:57:00,,
-7.3770,112.794,Dalam,3,08 August 2025,16:12,Sore,Berawan,Cangak Merah,Ardea purpurea,2,,,2025-09-04 11:57:00,,
-7.3770,112.794,Dalam,3,08 August 2025,16:12,Sore,Berawan,Cangak Merah,Ardea purpurea,3,,,2025-09-04 11:57:00,,
-7.3770,112.794,Dalam,3,08 August 2025,16:12,Sore,Berawan,Kekep Babi,Artamus leucorynchus,2,,,2025-09-04 11:57:00,,
-7.3770,112.794,Dalam,3,08 August 2025,16:12,Sore,Berawan,Kuntul Kecil,Egretta garzetta,6,,,2025-09-04 11:57:00,,
-7.3770,112.794,Dalam,3,08 August 2025,16:12,Sore,Berawan,Kuntul Kerbau,Bubulcus ibis,28,,,2025-09-04 11:57:00,,
-7.3770,112.794,Dalam,3,08 August 2025,16:12,Sore,Berawan,Walet Sp,Collocalia sp,3,,,2025-09-04 11:57:00,,